Time period,Area code,Area name,Region or country name,Index,Monthly change,Annual change,Rental price,Index one bed,Monthly change one bed,Annual change one bed,Rental price one bed,Index two bed,Monthly change two bed,Annual change two bed,Rental price two bed,Index three bed,Monthly change three bed,Annual change three bed,Rental price three bed,Index four or more bed,Monthly change four or more bed,Annual change four or more bed,Rental price four or more bed,Index detached,Monthly change detached,Annual change detached,Rental price detached,Index semidetached,Monthly change semidetached,Annual change semidetached,Rental price semidetached,Index terraced,Monthly change terraced,Annual change terraced,Rental price terraced,Index flat maisonette,Monthly change flat maisonette,Annual change flat maisonette,Rental price flat maisonette
Jan-2015,E06000046,Isle of Wight,South East,81.7,[x],[x],622,82.0,[x],[x],428,82.8,[x],[x],576,81.5,[x],[x],711,80.7,[x],[x],1009,81.1,[x],[x],833,81.8,[x],[x],684,81.3,[x],[x],644,82.4,[x],[x],502
Feb-2015,E06000046,Isle of Wight,South East,81.8,0.1,[x],622,82.0,0.0,[x],428,82.8,0.1,[x],576,81.5,0.1,[x],711,80.7,0.1,[x],1010,81.1,0.1,[x],834,81.9,0.1,[x],685,81.4,0.1,[x],644,82.4,0.0,[x],503
Mar-2015,E06000046,Isle of Wight,South East,81.8,0.0,[x],623,82.1,0.0,[x],429,82.9,0.0,[x],576,81.5,0.0,[x],712,80.8,0.1,[x],1011,81.2,0.1,[x],835,81.9,0.0,[x],685,81.4,0.0,[x],645,82.4,0.0,[x],503
Apr-2015,E06000046,Isle of Wight,South East,81.9,0.1,[x],623,82.1,0.1,[x],429,82.9,0.1,[x],577,81.6,0.1,[x],712,80.8,0.1,[x],1012,81.3,0.1,[x],836,82.0,0.1,[x],685,81.5,0.1,[x],645,82.5,0.1,[x],503
May-2015,E06000046,Isle of Wight,South East,82.0,0.1,[x],624,82.2,0.0,[x],429,83.0,0.1,[x],577,81.7,0.1,[x],713,80.9,0.1,[x],1013,81.4,0.1,[x],837,82.1,0.1,[x],686,81.5,0.1,[x],646,82.6,0.1,[x],504
Jun-2015,E06000046,Isle of Wight,South East,82.0,0.1,[x],624,82.2,0.0,[x],429,83.0,0.1,[x],577,81.8,0.1,[x],713,80.9,0.0,[x],1013,81.5,0.1,[x],838,82.1,0.1,[x],687,81.5,0.0,[x],646,82.6,0.1,[x],504
Jul-2015,E06000046,Isle of Wight,South East,82.1,0.1,[x],625,82.2,0.1,[x],429,83.1,0.1,[x],578,81.9,0.1,[x],714,81.0,0.1,[x],1013,81.6,0.2,[x],839,82.2,0.1,[x],687,81.6,0.1,[x],646,82.7,0.1,[x],504
Aug-2015,E06000046,Isle of Wight,South East,82.1,0.0,[x],625,82.2,0.0,[x],429,83.1,0.0,[x],578,81.9,0.0,[x],715,81.1,0.1,[x],1014,81.7,0.1,[x],840,82.2,0.0,[x],688,81.6,0.0,[x],646,82.7,0.0,[x],504
Sep-2015,E06000046,Isle of Wight,South East,82.2,0.2,[x],626,82.3,0.1,[x],430,83.2,0.1,[x],579,82.0,0.2,[x],716,81.3,0.3,[x],1018,81.9,0.2,[x],842,82.4,0.2,[x],689,81.7,0.1,[x],647,82.8,0.1,[x],505
Oct-2015,E06000046,Isle of Wight,South East,82.3,0.0,[x],626,82.3,0.0,[x],430,83.3,0.0,[x],579,82.1,0.0,[x],716,81.4,0.1,[x],1019,81.9,0.0,[x],842,82.4,0.0,[x],689,81.7,0.0,[x],647,82.8,0.0,[x],505
Nov-2015,E06000046,Isle of Wight,South East,82.4,0.1,[x],627,82.3,0.1,[x],430,83.4,0.1,[x],580,82.2,0.2,[x],717,81.6,0.2,[x],1022,82.1,0.2,[x],843,82.6,0.2,[x],690,81.9,0.2,[x],648,82.9,0.1,[x],506
Dec-2015,E06000046,Isle of Wight,South East,82.4,0.0,[x],627,82.3,0.0,[x],430,83.4,0.0,[x],580,82.3,0.1,[x],718,81.7,0.1,[x],1022,82.1,0.0,[x],844,82.6,0.1,[x],691,81.9,0.0,[x],649,82.9,0.0,[x],506
Jan-2016,E06000046,Isle of Wight,South East,82.4,0.0,0.8,627,82.4,0.0,0.4,430,83.4,0.0,0.8,580,82.3,0.0,1.0,718,81.7,0.0,1.3,1022,82.1,0.0,1.2,844,82.6,0.0,1.0,691,81.9,0.0,0.7,649,82.9,0.0,0.7,506
Feb-2016,E06000046,Isle of Wight,South East,82.3,-0.1,0.7,627,82.3,0.0,0.4,430,83.4,0.0,0.7,580,82.3,-0.1,0.9,718,81.6,-0.1,1.0,1021,82.0,-0.1,1.1,843,82.5,-0.1,0.8,690,81.8,-0.1,0.5,648,82.9,0.0,0.6,506
Mar-2016,E06000046,Isle of Wight,South East,82.3,0.0,0.6,627,82.4,0.1,0.4,430,83.4,0.0,0.6,580,82.3,0.0,0.9,718,81.5,-0.1,0.9,1020,82.0,0.0,1.0,843,82.5,0.0,0.8,690,81.8,0.0,0.4,648,82.9,0.0,0.6,506
Apr-2016,E06000046,Isle of Wight,South East,82.4,0.1,0.6,627,82.5,0.1,0.4,431,83.4,0.1,0.6,580,82.4,0.1,0.9,719,81.6,0.1,0.9,1021,82.1,0.1,1.0,844,82.6,0.1,0.8,691,81.8,0.1,0.5,648,83.0,0.1,0.6,506
May-2016,E06000046,Isle of Wight,South East,82.6,0.2,0.8,628,82.6,0.2,0.6,431,83.6,0.2,0.7,581,82.6,0.2,1.1,721,81.7,0.2,1.0,1023,82.4,0.3,1.1,846,82.8,0.2,1.0,693,82.0,0.2,0.6,649,83.1,0.2,0.7,507
Jun-2016,E06000046,Isle of Wight,South East,82.7,0.1,0.9,629,82.7,0.1,0.6,432,83.7,0.1,0.8,582,82.7,0.2,1.1,722,81.9,0.2,1.3,1025,82.5,0.2,1.2,848,83.0,0.2,1.1,694,82.1,0.1,0.7,650,83.2,0.1,0.7,508
Jul-2016,E06000046,Isle of Wight,South East,82.9,0.2,1.0,631,82.8,0.2,0.7,432,83.9,0.2,0.9,583,82.9,0.2,1.2,723,82.2,0.3,1.5,1028,82.7,0.2,1.3,850,83.2,0.2,1.2,695,82.3,0.2,0.8,652,83.4,0.2,0.8,509
Aug-2016,E06000046,Isle of Wight,South East,83.0,0.1,1.0,631,82.9,0.1,0.8,433,83.9,0.1,0.9,583,83.0,0.1,1.3,724,82.3,0.2,1.6,1030,82.8,0.1,1.3,851,83.3,0.1,1.3,696,82.4,0.1,0.9,652,83.4,0.1,0.9,509
Sep-2016,E06000046,Isle of Wight,South East,83.1,0.2,1.1,633,83.0,0.2,0.9,434,84.1,0.2,1.0,584,83.2,0.2,1.4,726,82.6,0.3,1.5,1033,83.0,0.2,1.3,853,83.4,0.2,1.3,698,82.5,0.2,1.0,654,83.6,0.2,1.0,510
Oct-2016,E06000046,Isle of Wight,South East,83.3,0.2,1.2,634,83.2,0.2,1.1,434,84.2,0.1,1.1,585,83.3,0.2,1.5,727,82.8,0.2,1.6,1036,83.2,0.2,1.5,855,83.6,0.2,1.4,699,82.6,0.2,1.1,655,83.7,0.1,1.1,511
Nov-2016,E06000046,Isle of Wight,South East,83.5,0.3,1.4,635,83.4,0.3,1.3,435,84.4,0.2,1.2,587,83.6,0.3,1.6,729,83.0,0.2,1.6,1038,83.4,0.3,1.6,857,83.8,0.3,1.6,701,82.9,0.3,1.2,656,83.9,0.3,1.3,512
Dec-2016,E06000046,Isle of Wight,South East,83.6,0.1,1.5,636,83.5,0.1,1.4,436,84.5,0.1,1.3,587,83.7,0.2,1.7,730,83.1,0.2,1.7,1040,83.5,0.2,1.8,859,84.0,0.2,1.6,702,83.0,0.1,1.3,657,84.1,0.1,1.4,513
Jan-2017,E06000046,Isle of Wight,South East,83.7,0.2,1.6,637,83.6,0.2,1.5,437,84.6,0.2,1.4,588,83.8,0.2,1.8,731,83.2,0.1,1.8,1041,83.7,0.1,1.9,860,84.1,0.1,1.8,703,83.1,0.1,1.4,658,84.2,0.2,1.5,514
Feb-2017,E06000046,Isle of Wight,South East,83.8,0.0,1.7,637,83.7,0.1,1.6,437,84.6,0.0,1.5,588,83.8,0.0,1.9,732,83.2,0.0,2.0,1042,83.7,0.0,2.0,860,84.1,0.0,1.9,703,83.1,0.0,1.6,658,84.3,0.1,1.6,514
Mar-2017,E06000046,Isle of Wight,South East,83.9,0.2,1.9,639,83.9,0.2,1.8,438,84.8,0.2,1.7,589,84.0,0.2,2.1,733,83.3,0.1,2.3,1043,83.8,0.2,2.2,862,84.3,0.2,2.1,705,83.3,0.2,1.8,660,84.4,0.2,1.8,515
Apr-2017,E06000046,Isle of Wight,South East,84.1,0.2,2.0,640,84.0,0.2,1.9,439,84.9,0.2,1.8,590,84.2,0.2,2.1,734,83.5,0.2,2.4,1045,84.0,0.2,2.3,863,84.5,0.2,2.2,706,83.4,0.2,2.0,661,84.6,0.2,1.9,516
May-2017,E06000046,Isle of Wight,South East,84.4,0.3,2.1,642,84.3,0.4,2.1,440,85.2,0.3,1.9,592,84.4,0.3,2.2,737,83.8,0.3,2.5,1048,84.3,0.3,2.3,866,84.8,0.3,2.3,709,83.7,0.3,2.1,663,84.8,0.3,2.1,517
Jun-2017,E06000046,Isle of Wight,South East,84.5,0.2,2.2,643,84.6,0.3,2.3,442,85.4,0.2,2.0,594,84.6,0.2,2.3,738,83.9,0.2,2.5,1051,84.4,0.2,2.3,868,84.9,0.2,2.3,710,83.8,0.2,2.1,664,85.1,0.2,2.2,519
Jul-2017,E06000046,Isle of Wight,South East,84.8,0.3,2.3,645,84.9,0.4,2.5,443,85.6,0.3,2.1,595,84.8,0.3,2.4,740,84.2,0.3,2.4,1053,84.7,0.3,2.4,870,85.2,0.3,2.4,712,84.0,0.3,2.1,666,85.3,0.3,2.3,520
Aug-2017,E06000046,Isle of Wight,South East,84.9,0.2,2.4,646,85.1,0.3,2.7,445,85.8,0.2,2.2,596,85.0,0.2,2.4,741,84.3,0.1,2.3,1055,84.8,0.2,2.4,872,85.3,0.2,2.4,713,84.2,0.2,2.2,667,85.5,0.2,2.5,522
Sep-2017,E06000046,Isle of Wight,South East,85.2,0.3,2.4,648,85.4,0.3,2.8,446,86.0,0.2,2.3,598,85.2,0.3,2.4,743,84.5,0.3,2.3,1058,85.1,0.3,2.5,874,85.5,0.3,2.5,715,84.4,0.2,2.3,668,85.7,0.3,2.5,523
Oct-2017,E06000046,Isle of Wight,South East,85.3,0.1,2.4,649,85.6,0.2,2.9,447,86.1,0.1,2.3,599,85.3,0.1,2.4,744,84.6,0.1,2.2,1058,85.2,0.1,2.4,876,85.7,0.2,2.5,716,84.5,0.1,2.2,669,85.9,0.2,2.6,524
Nov-2017,E06000046,Isle of Wight,South East,85.4,0.2,2.3,650,85.7,0.2,2.8,448,86.2,0.2,2.2,599,85.4,0.2,2.2,745,84.7,0.1,2.1,1060,85.3,0.2,2.3,877,85.8,0.2,2.4,718,84.6,0.2,2.2,670,86.1,0.2,2.5,525
Dec-2017,E06000046,Isle of Wight,South East,85.5,0.1,2.3,651,85.8,0.1,2.7,448,86.3,0.0,2.1,600,85.5,0.1,2.1,746,84.7,0.0,1.9,1060,85.4,0.0,2.2,878,85.9,0.1,2.3,718,84.7,0.1,2.1,671,86.1,0.1,2.5,525
Jan-2018,E06000046,Isle of Wight,South East,85.6,0.1,2.2,651,85.8,0.1,2.6,448,86.3,0.1,2.0,600,85.5,0.1,2.0,746,84.7,0.0,1.8,1060,85.5,0.1,2.2,879,86.0,0.1,2.3,719,84.8,0.1,2.0,671,86.2,0.1,2.4,526
Feb-2018,E06000046,Isle of Wight,South East,85.6,0.1,2.2,652,85.9,0.1,2.6,449,86.4,0.1,2.1,601,85.6,0.1,2.1,747,84.8,0.1,1.9,1061,85.6,0.1,2.3,880,86.1,0.1,2.3,720,84.8,0.1,2.0,672,86.2,0.1,2.4,526
Mar-2018,E06000046,Isle of Wight,South East,85.7,0.1,2.1,652,86.0,0.1,2.5,449,86.5,0.1,2.0,601,85.7,0.1,2.0,748,84.9,0.1,1.8,1062,85.7,0.1,2.2,881,86.2,0.1,2.2,721,84.9,0.1,1.9,672,86.3,0.1,2.3,527
Apr-2018,E06000046,Isle of Wight,South East,85.8,0.1,2.1,653,86.1,0.2,2.5,450,86.5,0.1,1.9,602,85.8,0.1,1.9,749,84.9,0.1,1.7,1063,85.8,0.1,2.1,882,86.3,0.2,2.2,722,85.0,0.1,1.9,673,86.4,0.1,2.2,527
May-2018,E06000046,Isle of Wight,South East,85.9,0.1,1.9,654,86.2,0.1,2.2,450,86.7,0.1,1.7,603,85.9,0.1,1.7,749,85.0,0.1,1.5,1064,85.9,0.1,1.9,883,86.5,0.2,2.0,723,85.1,0.1,1.7,674,86.5,0.1,2.0,528
Jun-2018,E06000046,Isle of Wight,South East,86.0,0.1,1.7,654,86.3,0.1,2.0,451,86.7,0.1,1.6,603,86.0,0.1,1.6,750,85.1,0.1,1.4,1065,85.9,0.1,1.8,883,86.5,0.1,1.9,724,85.2,0.1,1.6,674,86.6,0.1,1.8,528
Jul-2018,E06000046,Isle of Wight,South East,86.2,0.3,1.7,656,86.5,0.2,1.9,452,87.0,0.3,1.5,605,86.2,0.3,1.6,752,85.3,0.3,1.4,1068,86.2,0.3,1.8,886,86.8,0.3,1.9,726,85.4,0.3,1.6,676,86.8,0.3,1.8,530
Aug-2018,E06000046,Isle of Wight,South East,86.4,0.2,1.7,657,86.6,0.1,1.7,452,87.1,0.2,1.5,606,86.4,0.2,1.6,754,85.5,0.2,1.5,1070,86.3,0.2,1.8,887,87.0,0.2,1.9,727,85.6,0.2,1.6,678,87.0,0.2,1.7,530
Sep-2018,E06000046,Isle of Wight,South East,86.6,0.3,1.7,659,86.8,0.3,1.7,453,87.3,0.2,1.6,607,86.6,0.3,1.6,755,85.7,0.3,1.4,1073,86.5,0.2,1.7,890,87.2,0.3,2.0,729,85.8,0.3,1.7,680,87.2,0.3,1.7,532
Oct-2018,E06000046,Isle of Wight,South East,86.7,0.0,1.6,660,86.9,0.0,1.5,454,87.3,0.0,1.5,607,86.6,0.1,1.6,756,85.9,0.2,1.5,1075,86.6,0.0,1.6,890,87.2,0.1,1.8,729,85.9,0.1,1.6,680,87.2,0.0,1.5,532
Nov-2018,E06000046,Isle of Wight,South East,86.7,0.0,1.5,660,86.9,0.1,1.4,454,87.4,0.0,1.3,607,86.7,0.1,1.5,756,86.0,0.2,1.6,1076,86.6,0.0,1.5,890,87.3,0.0,1.7,730,85.9,0.1,1.5,681,87.2,0.0,1.4,532
Dec-2018,E06000046,Isle of Wight,South East,86.8,0.1,1.5,660,87.0,0.1,1.4,454,87.4,0.1,1.4,608,86.8,0.1,1.5,757,86.2,0.2,1.8,1079,86.7,0.1,1.5,891,87.3,0.1,1.7,730,86.0,0.1,1.5,681,87.3,0.1,1.4,533
Jan-2019,E06000046,Isle of Wight,South East,87.0,0.3,1.7,662,87.2,0.3,1.6,455,87.7,0.3,1.6,610,87.0,0.3,1.7,759,86.4,0.3,2.0,1082,86.9,0.2,1.6,893,87.6,0.3,1.8,732,86.3,0.3,1.8,683,87.6,0.3,1.6,534
Feb-2019,E06000046,Isle of Wight,South East,87.4,0.4,2.0,665,87.5,0.4,1.9,457,88.0,0.3,1.9,612,87.3,0.3,2.0,762,86.7,0.3,2.3,1085,87.1,0.3,1.8,896,87.9,0.3,2.1,735,86.6,0.4,2.1,686,87.9,0.3,1.9,536
Mar-2019,E06000046,Isle of Wight,South East,87.6,0.3,2.2,667,87.9,0.4,2.2,459,88.2,0.3,2.1,614,87.6,0.3,2.2,764,86.9,0.2,2.4,1088,87.3,0.2,1.9,898,88.1,0.3,2.3,737,86.9,0.4,2.4,689,88.2,0.4,2.1,538
Apr-2019,E06000046,Isle of Wight,South East,87.8,0.2,2.3,668,88.2,0.3,2.3,460,88.4,0.2,2.2,615,87.7,0.2,2.2,765,87.0,0.1,2.4,1089,87.4,0.1,1.9,899,88.3,0.2,2.3,738,87.1,0.2,2.5,690,88.4,0.2,2.3,539
May-2019,E06000046,Isle of Wight,South East,88.0,0.3,2.4,670,88.5,0.4,2.6,462,88.6,0.3,2.3,616,87.9,0.2,2.3,767,87.1,0.1,2.4,1090,87.6,0.2,2.0,900,88.5,0.2,2.4,740,87.4,0.3,2.6,692,88.6,0.3,2.4,541
Jun-2019,E06000046,Isle of Wight,South East,88.2,0.2,2.6,671,88.7,0.3,2.8,463,88.8,0.2,2.4,617,88.0,0.1,2.4,768,87.1,0.1,2.4,1091,87.7,0.2,2.1,902,88.7,0.2,2.4,741,87.5,0.2,2.8,693,88.9,0.2,2.6,542
Jul-2019,E06000046,Isle of Wight,South East,88.5,0.3,2.6,673,89.1,0.4,3.0,465,89.1,0.3,2.4,619,88.3,0.3,2.4,770,87.3,0.2,2.3,1093,88.0,0.3,2.1,905,88.9,0.3,2.4,743,87.8,0.3,2.8,695,89.2,0.3,2.7,544
Aug-2019,E06000046,Isle of Wight,South East,88.7,0.2,2.6,675,89.3,0.2,3.1,466,89.2,0.2,2.4,620,88.4,0.1,2.3,771,87.4,0.1,2.2,1094,88.2,0.2,2.1,906,89.1,0.2,2.4,745,87.9,0.2,2.8,696,89.3,0.2,2.7,545
Sep-2019,E06000046,Isle of Wight,South East,88.9,0.3,2.7,677,89.6,0.3,3.2,468,89.5,0.3,2.5,622,88.6,0.3,2.3,773,87.7,0.3,2.3,1097,88.4,0.3,2.2,909,89.3,0.3,2.5,747,88.2,0.3,2.8,699,89.6,0.3,2.7,546
Oct-2019,E06000046,Isle of Wight,South East,89.1,0.2,2.8,678,89.8,0.2,3.4,469,89.6,0.1,2.6,623,88.7,0.2,2.4,774,87.9,0.3,2.4,1100,88.6,0.2,2.4,911,89.5,0.2,2.6,748,88.4,0.2,3.0,700,89.7,0.2,2.9,547
Nov-2019,E06000046,Isle of Wight,South East,89.3,0.3,3.0,680,90.1,0.3,3.6,470,89.8,0.2,2.8,624,89.0,0.2,2.6,776,88.2,0.3,2.6,1104,88.9,0.3,2.6,913,89.7,0.2,2.8,750,88.7,0.3,3.2,702,90.0,0.3,3.1,549
Dec-2019,E06000046,Isle of Wight,South East,89.5,0.2,3.1,681,90.2,0.2,3.8,471,89.9,0.1,2.8,625,89.1,0.1,2.7,777,88.3,0.1,2.4,1105,89.0,0.2,2.7,915,89.9,0.1,2.9,751,88.8,0.2,3.2,703,90.1,0.2,3.2,550
Jan-2020,E06000046,Isle of Wight,South East,89.6,0.1,2.9,682,90.4,0.2,3.6,472,90.0,0.1,2.7,626,89.2,0.1,2.5,778,88.3,0.0,2.1,1105,89.1,0.1,2.6,916,90.0,0.1,2.8,752,88.9,0.2,3.1,704,90.2,0.1,3.0,550
Feb-2020,E06000046,Isle of Wight,South East,89.7,0.1,2.7,682,90.5,0.1,3.4,473,90.1,0.1,2.4,626,89.3,0.1,2.2,779,88.2,-0.1,1.7,1104,89.2,0.1,2.4,917,90.1,0.1,2.5,753,89.0,0.1,2.8,705,90.3,0.1,2.8,551
Mar-2020,E06000046,Isle of Wight,South East,89.8,0.1,2.4,683,90.6,0.1,3.1,473,90.1,0.1,2.2,627,89.3,0.1,2.0,779,88.2,0.0,1.4,1103,89.3,0.1,2.2,918,90.1,0.1,2.3,754,89.1,0.1,2.5,706,90.3,0.1,2.5,551
Apr-2020,E06000046,Isle of Wight,South East,89.8,0.1,2.3,683,90.7,0.1,2.9,474,90.2,0.1,2.1,627,89.4,0.1,1.9,780,88.2,0.0,1.4,1104,89.4,0.1,2.2,918,90.2,0.1,2.2,754,89.2,0.1,2.4,706,90.4,0.1,2.3,552
May-2020,E06000046,Isle of Wight,South East,89.9,0.1,2.1,684,90.8,0.1,2.6,474,90.3,0.1,1.9,628,89.5,0.1,1.8,781,88.2,0.0,1.3,1104,89.4,0.1,2.1,919,90.3,0.1,2.0,755,89.2,0.0,2.1,707,90.5,0.1,2.1,552
Jun-2020,E06000046,Isle of Wight,South East,90.1,0.2,2.1,686,91.0,0.3,2.6,475,90.5,0.3,1.9,630,89.7,0.2,1.9,783,88.4,0.2,1.4,1106,89.7,0.3,2.2,922,90.5,0.2,2.1,757,89.4,0.2,2.2,708,90.7,0.2,2.1,553
Jul-2020,E06000046,Isle of Wight,South East,90.3,0.2,2.1,687,91.3,0.3,2.5,477,90.7,0.2,1.9,631,89.9,0.2,1.9,785,88.6,0.2,1.5,1109,89.9,0.2,2.1,924,90.7,0.2,2.0,758,89.6,0.2,2.1,710,90.9,0.2,2.0,555
Aug-2020,E06000046,Isle of Wight,South East,90.5,0.3,2.1,689,91.5,0.3,2.5,478,91.0,0.3,2.0,633,90.1,0.3,2.0,787,88.9,0.3,1.7,1113,90.1,0.3,2.2,926,90.9,0.2,2.1,760,89.9,0.3,2.2,712,91.2,0.3,2.1,556
Sep-2020,E06000046,Isle of Wight,South East,90.7,0.1,2.0,690,91.7,0.1,2.3,479,91.1,0.1,1.8,633,90.3,0.2,1.9,788,89.1,0.2,1.6,1115,90.2,0.1,2.0,927,91.0,0.1,1.9,761,90.0,0.2,2.0,713,91.3,0.1,1.9,557
Oct-2020,E06000046,Isle of Wight,South East,90.9,0.2,2.0,691,91.9,0.2,2.3,480,91.3,0.2,1.9,635,90.5,0.2,2.0,790,89.4,0.3,1.7,1119,90.4,0.2,2.0,929,91.2,0.2,1.9,762,90.3,0.3,2.1,715,91.5,0.2,2.0,558
Nov-2020,E06000046,Isle of Wight,South East,91.2,0.3,2.0,694,92.1,0.2,2.3,481,91.5,0.3,1.9,636,90.8,0.3,2.0,792,89.6,0.3,1.6,1122,90.7,0.3,2.0,932,91.4,0.3,1.9,764,90.6,0.3,2.2,717,91.7,0.3,2.0,560
Dec-2020,E06000046,Isle of Wight,South East,91.4,0.2,2.1,695,92.3,0.2,2.2,482,91.7,0.2,2.0,638,91.0,0.2,2.1,794,89.7,0.1,1.6,1123,90.9,0.3,2.1,934,91.6,0.2,2.0,766,90.8,0.3,2.3,719,92.0,0.2,2.1,561
Jan-2021,E06000046,Isle of Wight,South East,91.6,0.2,2.2,697,92.4,0.2,2.3,483,91.9,0.2,2.1,639,91.2,0.2,2.3,796,89.8,0.1,1.7,1124,91.1,0.2,2.2,936,91.8,0.2,2.1,768,91.0,0.2,2.3,721,92.1,0.2,2.1,562
Feb-2021,E06000046,Isle of Wight,South East,91.7,0.1,2.2,697,92.6,0.1,2.3,483,92.0,0.1,2.2,640,91.3,0.2,2.3,797,89.9,0.1,1.9,1125,91.1,0.1,2.2,937,91.9,0.1,2.1,769,91.1,0.1,2.3,722,92.3,0.1,2.2,563
Mar-2021,E06000046,Isle of Wight,South East,91.8,0.2,2.3,699,92.7,0.2,2.4,484,92.2,0.2,2.3,641,91.5,0.2,2.5,799,90.2,0.3,2.3,1129,91.3,0.2,2.3,938,92.1,0.2,2.2,770,91.3,0.2,2.5,723,92.4,0.2,2.3,564
Apr-2021,E06000046,Isle of Wight,South East,92.2,0.4,2.6,701,93.1,0.4,2.6,486,92.6,0.4,2.6,644,91.9,0.4,2.8,802,90.7,0.6,2.9,1136,91.6,0.4,2.5,942,92.4,0.4,2.5,773,91.7,0.4,2.8,726,92.7,0.4,2.6,566
May-2021,E06000046,Isle of Wight,South East,92.7,0.6,3.1,705,93.6,0.5,3.1,489,93.1,0.5,3.1,647,92.5,0.6,3.3,807,91.4,0.7,3.6,1143,92.2,0.6,3.1,947,93.0,0.6,3.0,777,92.2,0.6,3.4,731,93.2,0.5,3.0,569
Jun-2021,E06000046,Isle of Wight,South East,93.1,0.5,3.4,709,94.0,0.4,3.2,491,93.5,0.4,3.3,650,92.9,0.5,3.6,811,91.8,0.5,3.9,1149,92.6,0.5,3.3,952,93.4,0.5,3.2,781,92.7,0.5,3.7,734,93.6,0.4,3.2,571
Jul-2021,E06000046,Isle of Wight,South East,93.4,0.3,3.4,711,94.2,0.2,3.2,492,93.7,0.3,3.3,652,93.2,0.3,3.7,813,92.2,0.4,4.0,1154,93.0,0.4,3.5,956,93.7,0.3,3.3,783,93.0,0.3,3.8,736,93.9,0.2,3.2,573
Aug-2021,E06000046,Isle of Wight,South East,93.6,0.1,3.3,712,94.3,0.1,3.0,492,93.9,0.1,3.2,653,93.4,0.2,3.6,815,92.4,0.3,4.0,1157,93.1,0.2,3.4,957,93.8,0.1,3.2,784,93.2,0.2,3.7,738,94.0,0.1,3.1,573
Sep-2021,E06000046,Isle of Wight,South East,93.6,0.0,3.2,712,94.2,-0.1,2.8,492,93.8,0.0,3.0,653,93.4,0.0,3.5,815,92.6,0.2,4.0,1159,93.1,0.0,3.3,957,93.8,0.0,3.0,784,93.2,0.1,3.5,738,94.0,0.0,2.9,573
Oct-2021,E06000046,Isle of Wight,South East,93.5,-0.1,2.9,711,94.0,-0.2,2.4,491,93.8,-0.1,2.7,652,93.3,-0.1,3.2,814,92.8,0.2,3.8,1161,93.1,-0.1,3.0,957,93.7,-0.1,2.7,783,93.2,0.0,3.3,738,93.9,-0.1,2.6,572
Nov-2021,E06000046,Isle of Wight,South East,93.6,0.1,2.6,712,94.0,-0.1,2.0,491,93.8,0.0,2.5,652,93.4,0.1,2.9,815,93.0,0.3,3.8,1165,93.1,0.1,2.7,957,93.7,0.0,2.5,784,93.3,0.1,3.0,739,93.9,0.0,2.3,572
Dec-2021,E06000046,Isle of Wight,South East,93.7,0.2,2.6,713,94.1,0.1,1.9,491,93.9,0.2,2.4,653,93.6,0.2,2.9,817,93.4,0.4,4.1,1169,93.3,0.2,2.7,959,93.9,0.2,2.5,785,93.6,0.2,3.0,741,94.0,0.1,2.2,573
Jan-2022,E06000046,Isle of Wight,South East,94.1,0.4,2.7,716,94.3,0.3,2.0,493,94.3,0.4,2.6,656,94.0,0.4,3.1,821,93.8,0.4,4.5,1174,93.7,0.4,2.8,963,94.2,0.4,2.6,788,93.9,0.4,3.2,744,94.3,0.3,2.3,575
Feb-2022,E06000046,Isle of Wight,South East,94.3,0.2,2.8,717,94.5,0.2,2.1,493,94.5,0.2,2.7,657,94.3,0.3,3.2,823,94.1,0.4,4.7,1178,93.9,0.3,3.0,965,94.4,0.2,2.7,790,94.2,0.3,3.3,746,94.4,0.2,2.4,576
Mar-2022,E06000046,Isle of Wight,South East,94.6,0.3,3.0,720,94.8,0.3,2.2,495,94.8,0.3,2.8,659,94.6,0.3,3.4,826,94.5,0.4,4.7,1182,94.3,0.4,3.2,969,94.7,0.3,2.8,792,94.5,0.4,3.5,748,94.7,0.3,2.5,578
Apr-2022,E06000046,Isle of Wight,South East,94.9,0.3,2.9,722,95.0,0.2,2.1,496,95.1,0.3,2.7,661,94.9,0.3,3.2,828,94.7,0.3,4.4,1186,94.6,0.4,3.2,972,95.0,0.2,2.7,794,94.8,0.3,3.4,751,95.0,0.3,2.4,579
May-2022,E06000046,Isle of Wight,South East,95.4,0.6,2.9,726,95.5,0.5,2.1,499,95.6,0.5,2.7,664,95.4,0.6,3.2,833,95.3,0.6,4.3,1192,95.2,0.6,3.3,978,95.4,0.5,2.7,798,95.3,0.6,3.3,755,95.5,0.6,2.4,583
Jun-2022,E06000046,Isle of Wight,South East,95.8,0.5,2.9,729,95.9,0.5,2.1,501,96.0,0.5,2.7,667,95.9,0.5,3.2,836,95.7,0.5,4.2,1198,95.7,0.5,3.3,984,95.9,0.4,2.7,802,95.8,0.5,3.3,758,95.9,0.5,2.5,585
Jul-2022,E06000046,Isle of Wight,South East,96.4,0.5,3.1,733,96.5,0.6,2.4,504,96.5,0.5,3.0,671,96.4,0.5,3.4,841,96.3,0.6,4.5,1205,96.3,0.6,3.5,989,96.4,0.5,2.9,806,96.3,0.5,3.5,762,96.5,0.5,2.8,588
Aug-2022,E06000046,Isle of Wight,South East,96.6,0.3,3.3,735,96.8,0.3,2.6,505,96.8,0.3,3.1,673,96.6,0.3,3.5,843,96.6,0.3,4.5,1209,96.6,0.3,3.7,993,96.6,0.3,3.0,808,96.6,0.3,3.6,765,96.7,0.3,2.9,590
Sep-2022,E06000046,Isle of Wight,South East,97.0,0.4,3.7,738,97.1,0.4,3.1,507,97.1,0.3,3.5,675,97.0,0.3,3.8,846,97.0,0.4,4.7,1214,96.9,0.3,4.0,996,96.9,0.3,3.4,811,96.9,0.4,4.0,768,97.1,0.4,3.3,592
Oct-2022,E06000046,Isle of Wight,South East,97.4,0.4,4.1,741,97.5,0.4,3.7,509,97.5,0.4,4.0,678,97.3,0.4,4.3,849,97.4,0.5,5.0,1219,97.3,0.4,4.5,1000,97.3,0.4,3.9,814,97.4,0.4,4.4,771,97.5,0.4,3.9,595
Nov-2022,E06000046,Isle of Wight,South East,98.2,0.9,5.0,747,98.3,0.8,4.6,514,98.3,0.8,4.8,683,98.2,0.9,5.1,857,98.3,0.9,5.6,1230,98.1,0.9,5.3,1008,98.2,0.9,4.8,821,98.3,0.9,5.3,778,98.3,0.8,4.8,600
Dec-2022,E06000046,Isle of Wight,South East,99.1,0.9,5.8,754,99.1,0.8,5.4,518,99.1,0.9,5.5,689,99.1,0.9,5.8,865,99.2,0.9,6.2,1241,99.0,1.0,6.2,1018,99.1,0.9,5.5,828,99.1,0.9,6.0,785,99.1,0.8,5.5,605
Jan-2023,E06000046,Isle of Wight,South East,100.0,0.9,6.3,761,100.0,0.9,6.0,522,100.0,0.9,6.1,695,100.0,0.9,6.3,873,100.0,0.9,6.6,1252,100.0,1.0,6.8,1028,100.0,0.9,6.1,836,100.0,0.9,6.5,792,100.0,0.9,6.1,610
Feb-2023,E06000046,Isle of Wight,South East,100.4,0.4,6.5,764,100.4,0.4,6.2,524,100.4,0.4,6.2,698,100.4,0.4,6.4,876,100.3,0.3,6.6,1256,100.5,0.5,7.0,1033,100.4,0.4,6.3,839,100.4,0.4,6.6,795,100.4,0.4,6.3,612
Mar-2023,E06000046,Isle of Wight,South East,100.8,0.4,6.6,767,100.8,0.4,6.4,526,100.8,0.4,6.3,701,100.7,0.4,6.5,879,100.7,0.4,6.6,1260,100.9,0.5,7.1,1037,100.8,0.4,6.5,843,100.8,0.4,6.6,798,100.8,0.4,6.4,615
Apr-2023,E06000046,Isle of Wight,South East,101.1,0.3,6.6,769,101.0,0.2,6.3,527,101.0,0.2,6.3,702,100.9,0.2,6.4,881,100.9,0.2,6.5,1263,101.2,0.3,7.0,1040,101.1,0.3,6.5,846,101.0,0.2,6.5,800,101.1,0.3,6.4,616
May-2023,E06000046,Isle of Wight,South East,101.5,0.4,6.4,772,101.5,0.5,6.2,530,101.5,0.5,6.2,706,101.4,0.4,6.2,885,101.3,0.4,6.3,1267,101.7,0.5,6.8,1045,101.6,0.5,6.5,850,101.4,0.4,6.3,803,101.5,0.5,6.3,619
Jun-2023,E06000046,Isle of Wight,South East,101.9,0.4,6.4,776,101.9,0.4,6.2,532,101.9,0.4,6.2,709,101.8,0.4,6.2,888,101.6,0.4,6.2,1272,102.1,0.4,6.7,1049,102.1,0.5,6.5,854,101.7,0.4,6.2,806,102.0,0.4,6.3,622
Jul-2023,E06000046,Isle of Wight,South East,102.5,0.5,6.3,780,102.4,0.5,6.2,535,102.4,0.5,6.1,712,102.3,0.5,6.2,893,102.2,0.5,6.1,1279,102.6,0.5,6.6,1055,102.7,0.6,6.6,859,102.2,0.5,6.2,809,102.5,0.5,6.3,625
Aug-2023,E06000046,Isle of Wight,South East,102.9,0.4,6.5,783,102.9,0.4,6.3,537,102.8,0.4,6.2,715,102.7,0.4,6.3,897,102.6,0.4,6.2,1284,103.0,0.4,6.7,1059,103.1,0.4,6.7,862,102.6,0.4,6.3,813,102.9,0.4,6.4,628
Sep-2023,E06000046,Isle of Wight,South East,103.4,0.5,6.6,786,103.3,0.5,6.4,540,103.2,0.4,6.3,718,103.2,0.5,6.5,901,103.1,0.5,6.3,1290,103.5,0.5,6.9,1064,103.6,0.5,6.9,866,103.1,0.5,6.3,816,103.4,0.4,6.5,631
Oct-2023,E06000046,Isle of Wight,South East,103.7,0.4,6.5,789,103.7,0.4,6.4,542,103.6,0.3,6.3,720,103.6,0.3,6.4,904,103.5,0.4,6.2,1295,103.9,0.4,6.9,1068,104.0,0.4,6.8,869,103.4,0.4,6.2,819,103.8,0.4,6.4,633
Nov-2023,E06000046,Isle of Wight,South East,104.3,0.5,6.1,793,104.3,0.5,6.1,545,104.1,0.5,6.0,724,104.1,0.5,6.0,908,103.9,0.4,5.7,1301,104.5,0.5,6.5,1074,104.5,0.5,6.4,873,104.0,0.5,5.8,823,104.3,0.6,6.1,636
Dec-2023,E06000046,Isle of Wight,South East,104.8,0.5,5.7,797,104.9,0.6,5.8,548,104.7,0.5,5.6,728,104.6,0.5,5.5,913,104.3,0.4,5.2,1306,105.0,0.5,6.0,1079,105.0,0.5,6.0,878,104.5,0.5,5.4,827,104.9,0.5,5.8,640
Jan-2024,E06000046,Isle of Wight,South East,105.5,0.7,5.5,803,105.7,0.8,5.7,552,105.4,0.7,5.4,733,105.3,0.7,5.3,919,104.9,0.5,4.9,1313,105.7,0.7,5.7,1086,105.7,0.7,5.7,883,105.1,0.6,5.1,833,105.7,0.7,5.7,644
Feb-2024,E06000046,Isle of Wight,South East,106.0,0.5,5.6,806,106.3,0.6,5.9,555,105.9,0.5,5.5,736,105.8,0.5,5.4,923,105.3,0.4,4.9,1318,106.1,0.4,5.6,1091,106.2,0.5,5.8,888,105.6,0.5,5.3,837,106.2,0.5,5.8,648
Mar-2024,E06000046,Isle of Wight,South East,106.6,0.6,5.8,811,107.0,0.7,6.2,559,106.5,0.6,5.7,741,106.4,0.6,5.7,929,105.8,0.5,5.1,1324,106.7,0.6,5.8,1097,106.9,0.7,6.0,894,106.3,0.6,5.5,842,106.8,0.6,6.0,651
Apr-2024,E06000046,Isle of Wight,South East,107.1,0.4,6.0,815,107.5,0.5,6.4,561,107.0,0.4,6.0,744,106.9,0.4,5.9,933,106.1,0.3,5.2,1328,107.1,0.4,5.8,1101,107.4,0.5,6.2,898,106.7,0.4,5.7,845,107.3,0.4,6.1,654
May-2024,E06000046,Isle of Wight,South East,107.6,0.5,6.0,819,108.0,0.5,6.5,564,107.5,0.5,6.0,748,107.4,0.4,5.9,937,106.5,0.4,5.1,1332,107.6,0.4,5.8,1106,107.9,0.5,6.2,902,107.2,0.5,5.8,849,107.8,0.5,6.1,657
Jun-2024,E06000046,Isle of Wight,South East,108.0,0.4,5.9,822,108.5,0.5,6.5,567,107.9,0.4,5.9,751,107.7,0.3,5.8,940,106.7,0.2,5.0,1335,108.0,0.3,5.7,1110,108.4,0.4,6.1,906,107.6,0.4,5.8,852,108.2,0.4,6.1,660
Jul-2024,E06000046,Isle of Wight,South East,108.6,0.6,6.0,826,109.2,0.6,6.6,570,108.5,0.5,6.0,755,108.3,0.5,5.8,945,107.0,0.3,4.8,1339,108.5,0.5,5.8,1115,109.0,0.6,6.1,911,108.2,0.5,5.8,857,108.8,0.6,6.1,664
Aug-2024,E06000046,Isle of Wight,South East,109.2,0.6,6.1,831,109.9,0.6,6.8,574,109.1,0.6,6.2,759,108.9,0.5,6.0,950,107.4,0.3,4.6,1344,109.1,0.5,5.9,1121,109.6,0.6,6.3,917,108.8,0.5,6.0,861,109.4,0.6,6.3,668
Sep-2024,E06000046,Isle of Wight,South East,109.9,0.6,6.3,836,110.7,0.7,7.1,578,109.8,0.6,6.4,764,109.6,0.6,6.1,956,107.8,0.4,4.6,1349,109.8,0.6,6.0,1128,110.3,0.6,6.5,922,109.5,0.6,6.2,867,110.1,0.6,6.5,672
Oct-2024,E06000046,Isle of Wight,South East,110.4,0.5,6.5,840,111.3,0.5,7.2,581,110.4,0.5,6.5,767,110.1,0.5,6.3,960,108.2,0.4,4.6,1354,110.3,0.5,6.1,1133,110.9,0.5,6.6,927,110.0,0.5,6.4,871,110.7,0.5,6.6,675
Nov-2024,E06000046,Isle of Wight,South East,111.0,0.6,6.5,845,111.9,0.6,7.3,585,111.0,0.6,6.6,772,110.7,0.6,6.4,966,108.7,0.5,4.6,1361,110.9,0.5,6.1,1139,111.5,0.6,6.7,932,110.7,0.6,6.4,876,111.3,0.5,6.6,679
Dec-2024,E06000046,Isle of Wight,South East,111.5,0.4,6.4,849,112.5,0.5,7.3,587,111.5,0.5,6.5,775,111.2,0.5,6.4,971,109.3,0.5,4.7,1367,111.3,0.4,6.0,1144,112.0,0.4,6.7,936,111.2,0.5,6.4,880,111.8,0.5,6.5,682
Jan-2025,E06000046,Isle of Wight,South East,112.4,0.7,6.5,855,113.4,0.8,7.3,592,112.4,0.8,6.6,781,112.1,0.8,6.5,978,110.1,0.7,4.9,1378,112.1,0.7,6.0,1152,112.8,0.7,6.8,943,112.0,0.8,6.5,887,112.6,0.8,6.6,687
Feb-2025,E06000046,Isle of Wight,South East,113.3,0.8,6.9,862,114.4,0.9,7.6,597,113.3,0.9,7.0,788,113.0,0.8,6.8,986,110.9,0.7,5.3,1388,112.9,0.7,6.3,1160,113.7,0.8,7.1,950,112.9,0.8,6.9,894,113.6,0.8,7.0,693
Mar-2025,E06000046,Isle of Wight,South East,114.1,0.8,7.0,868,115.4,0.8,7.8,602,114.2,0.8,7.2,794,113.8,0.8,7.0,993,111.6,0.7,5.5,1397,113.6,0.7,6.5,1168,114.5,0.8,7.2,958,113.7,0.7,7.0,901,114.5,0.8,7.2,698