Date,RegionName,AreaCode,AveragePrice,Index,IndexSA,1m%Change,12m%Change,AveragePriceSA,SalesVolume,DetachedPrice,DetachedIndex,Detached1m%Change,Detached12m%Change,SemiDetachedPrice,SemiDetachedIndex,SemiDetached1m%Change,SemiDetached12m%Change,TerracedPrice,TerracedIndex,Terraced1m%Change,Terraced12m%Change,FlatPrice,FlatIndex,Flat1m%Change,Flat12m%Change,CashPrice,CashIndex,Cash1m%Change,Cash12m%Change,CashSalesVolume,MortgagePrice,MortgageIndex,Mortgage1m%Change,Mortgage12m%Change,MortgageSalesVolume,FTBPrice,FTBIndex,FTB1m%Change,FTB12m%Change,FOOPrice,FOOIndex,FOO1m%Change,FOO12m%Change,NewPrice,NewIndex,New1m%Change,New12m%Change,NewSalesVolume,OldPrice,OldIndex,Old1m%Change,Old12m%Change,OldSalesVolume
01/01/1995,Isle of Wight,E06000046,43793,16.2,,,,,177,69315,16.2,,,45473,15.4,,,35081,15.5,,,30104,19,,,,,,,,,,,,,,,,,,,,,50890,16.1,,,8,43697,16.2,,,169
01/02/1995,Isle of Wight,E06000046,43093,16,,-1.6,,,179,67904,15.9,-2,,44960,15.3,-1.1,,34548,15.2,-1.5,,29595,18.7,-1.7,,,,,,,,,,,,,,,,,,,,50594,16,-0.6,,16,42968,16,-1.7,,163
01/03/1995,Isle of Wight,E06000046,43016,15.9,,-0.2,,,235,67531,15.8,-0.5,,44948,15.3,0,,34613,15.3,0.2,,29554,18.7,-0.1,,,,,,,,,,,,,,,,,,,,50684,16.1,0.2,,18,42880,15.9,-0.2,,217
01/04/1995,Isle of Wight,E06000046,42489,15.7,,-1.2,,,169,66440,15.5,-1.6,,44489,15.1,-1,,34262,15.1,-1,,29238,18.5,-1.1,,,,,,,,,,,,,,,,,,,,50141,15.9,-1.1,,10,42350,15.7,-1.2,,159
01/05/1995,Isle of Wight,E06000046,42727,15.8,,0.6,,,211,66782,15.6,0.5,,44761,15.2,0.6,,34468,15.2,0.6,,29384,18.6,0.5,,,,,,,,,,,,,,,,,,,,50325,16,0.4,,8,42592,15.8,0.6,,203
01/06/1995,Isle of Wight,E06000046,42494,15.8,,-0.5,,,194,66549,15.5,-0.3,,44507,15.1,-0.6,,34140,15,-1,,29262,18.5,-0.4,,,,,,,,,,,,,,,,,,,,49959,15.8,-0.7,,13,42365,15.7,-0.5,,181
01/07/1995,Isle of Wight,E06000046,42646,15.8,,0.4,,,224,67051,15.7,0.8,,44644,15.1,0.3,,34216,15.1,0.2,,29197,18.5,-0.2,,,,,,,,,,,,,,,,,,,,50084,15.9,0.3,,14,42520,15.8,0.4,,210
01/08/1995,Isle of Wight,E06000046,43319,16.1,,1.6,,,244,68400,16,2,,45288,15.4,1.4,,34735,15.3,1.5,,29493,18.6,1,,,,,,,,,,,,,,,,,,,,50678,16.1,1.2,,11,43204,16,1.6,,233
01/09/1995,Isle of Wight,E06000046,43052,16,,-0.6,,,204,68095,15.9,-0.4,,44998,15.3,-0.6,,34563,15.2,-0.5,,29167,18.4,-1.1,,,,,,,,,,,,,,,,,,,,50007,15.9,-1.3,,11,42959,16,-0.6,,193
01/10/1995,Isle of Wight,E06000046,42941,15.9,,-0.3,,,233,67969,15.9,-0.2,,44940,15.2,-0.1,,34317,15.1,-0.7,,29139,18.4,-0.1,,,,,,,,,,,,,,,,,,,,50172,15.9,0.3,,22,42830,15.9,-0.3,,211
01/11/1995,Isle of Wight,E06000046,42373,15.7,,-1.3,,,241,66985,15.6,-1.4,,44356,15.1,-1.3,,33751,14.9,-1.6,,28940,18.3,-0.7,,,,,,,,,,,,,,,,,,,,49776,15.8,-0.8,,27,42248,15.7,-1.4,,214
01/12/1995,Isle of Wight,E06000046,43282,16,,2.1,,,265,68393,16,2.1,,45360,15.4,2.3,,34415,15.2,2,,29584,18.7,2.2,,,,,,,,,,,,,,,,,,,,51503,16.3,3.5,,31,43115,16,2.1,,234
01/01/1996,Isle of Wight,E06000046,44421,16.5,,2.6,1.4,,172,70156,16.4,2.6,1.2,46573,15.8,2.7,2.4,35403,15.6,2.9,0.9,30279,19.1,2.3,0.6,,,,,,,,,,,,,,,,,,,53261,16.9,3.4,4.7,16,44225,16.4,2.6,1.2,156
01/02/1996,Isle of Wight,E06000046,44522,16.5,,0.2,3.3,,202,70148,16.4,0,3.3,46813,15.9,0.5,4.1,35603,15.7,0.6,3.1,30232,19.1,-0.2,2.2,,,,,,,,,,,,,,,,,,,53798,17.1,1,6.3,21,44301,16.5,0.2,3.1,181
01/03/1996,Isle of Wight,E06000046,44116,16.4,,-0.9,2.6,,251,69680,16.3,-0.7,3.2,46430,15.8,-0.8,3.3,35208,15.5,-1.1,1.7,29829,18.9,-1.3,0.9,,,,,,,,,,,,,,,,,,,53518,17,-0.5,5.6,17,43884,16.3,-0.9,2.3,234
01/04/1996,Isle of Wight,E06000046,42889,15.9,,-2.8,0.9,,215,67642,15.8,-2.9,1.8,45104,15.3,-2.9,1.4,34297,15.1,-2.6,0.1,29057,18.4,-2.6,-0.6,,,,,,,,,,,,,,,,,,,51930,16.5,-3,3.6,17,42669,15.8,-2.8,0.8,198
01/05/1996,Isle of Wight,E06000046,42850,15.9,,-0.1,0.3,,285,67710,15.8,0.1,1.4,44954,15.3,-0.3,0.4,34284,15.1,0,-0.5,29003,18.3,-0.2,-1.3,,,,,,,,,,,,,,,,,,,51518,16.3,-0.8,2.4,24,42654,15.8,0,0.1,261
01/06/1996,Isle of Wight,E06000046,42914,15.9,,0.1,1,,291,67673,15.8,-0.1,1.7,44948,15.3,0,1,34383,15.2,0.3,0.7,29207,18.5,0.7,-0.2,,,,,,,,,,,,,,,,,,,51463,16.3,-0.1,3,23,42726,15.9,0.2,0.8,268
01/07/1996,Isle of Wight,E06000046,43455,16.1,,1.3,1.9,,291,68702,16,1.5,2.5,45569,15.5,1.4,2.1,34760,15.3,1.1,1.6,29410,18.6,0.7,0.7,,,,,,,,,,,,,,,,,,,51866,16.4,0.8,3.6,21,43280,16.1,1.3,1.8,270
01/08/1996,Isle of Wight,E06000046,43621,16.2,,0.4,0.7,,284,69328,16.2,0.9,1.4,45714,15.5,0.3,0.9,34775,15.3,0,0.1,29336,18.5,-0.3,-0.5,,,,,,,,,,,,,,,,,,,52037,16.5,0.3,2.7,19,43447,16.1,0.4,0.6,265
01/09/1996,Isle of Wight,E06000046,44086,16.3,,1.1,2.4,,309,70333,16.4,1.5,3.3,46155,15.7,1,2.6,35147,15.5,1.1,1.7,29436,18.6,0.3,0.9,,,,,,,,,,,,,,,,,,,52197,16.6,0.3,4.4,17,43934,16.3,1.1,2.3,292
01/10/1996,Isle of Wight,E06000046,43446,16.1,,-1.5,1.2,,293,69530,16.2,-1.1,2.3,45462,15.4,-1.5,1.2,34546,15.2,-1.7,0.7,28928,18.3,-1.7,-0.7,,,,,,,,,,,,,,,,,,,51405,16.3,-1.5,2.5,25,43298,16.1,-1.4,1.1,268
01/11/1996,Isle of Wight,E06000046,43234,16,,-0.5,2,,270,69047,16.1,-0.7,3.1,45270,15.4,-0.4,2.1,34392,15.2,-0.4,1.9,28878,18.3,-0.2,-0.2,,,,,,,,,,,,,,,,,,,51164,16.2,-0.5,2.8,25,43087,16,-0.5,2,245
01/12/1996,Isle of Wight,E06000046,43710,16.2,,1.1,1,,337,69728,16.3,1,2,45872,15.6,1.3,1.1,34760,15.3,1.1,1,29173,18.4,1,-1.4,,,,,,,,,,,,,,,,,,,51744,16.4,1.1,0.5,30,43560,16.2,1.1,1,307
01/01/1997,Isle of Wight,E06000046,44781,16.6,,2.4,0.8,,278,71392,16.7,2.4,1.8,46990,15.9,2.4,0.9,35669,15.7,2.6,0.8,29869,18.9,2.4,-1.4,,,,,,,,,,,,,,,,,,,52765,16.7,2,-0.9,24,44643,16.6,2.5,0.9,254
01/02/1997,Isle of Wight,E06000046,44579,16.5,,-0.5,0.1,,224,71222,16.6,-0.2,1.5,46741,15.9,-0.5,-0.2,35429,15.6,-0.7,-0.5,29721,18.8,-0.5,-1.7,,,,,,,,,,,,,,,,,,,52619,16.7,-0.3,-2.2,24,44430,16.5,-0.5,0.3,200
01/03/1997,Isle of Wight,E06000046,44435,16.5,,-0.3,0.7,,302,70991,16.6,-0.3,1.9,46483,15.8,-0.6,0.1,35342,15.6,-0.2,0.4,29688,18.8,-0.1,-0.5,,,,,,,,,,,,,,,,,,,52685,16.7,0.1,-1.6,40,44265,16.4,-0.4,0.9,262
01/04/1997,Isle of Wight,E06000046,45687,16.9,,2.8,6.5,,297,72838,17,2.6,7.7,47874,16.2,3,6.1,36364,16,2.9,6,30535,19.3,2.9,5.1,,,,,,,,,,,,,,,,,,,54416,17.3,3.3,4.8,29,45492,16.9,2.8,6.6,268
01/05/1997,Isle of Wight,E06000046,47137,17.5,,3.2,10,,345,74998,17.5,3,10.8,49515,16.8,3.4,10.1,37639,16.6,3.5,9.8,31371,19.8,2.7,8.2,,,,,,,,,,,,,,,,,,,55864,17.7,2.7,8.4,25,46958,17.4,3.2,10.1,320
01/06/1997,Isle of Wight,E06000046,47468,17.6,,0.7,10.6,,292,75834,17.7,1.1,12.1,49921,16.9,0.8,11.1,37830,16.7,0.5,10,31357,19.8,0,7.4,,,,,,,,,,,,,,,,,,,55811,17.7,-0.1,8.4,31,47323,17.6,0.8,10.8,261
01/07/1997,Isle of Wight,E06000046,47587,17.6,,0.3,9.5,,390,76287,17.8,0.6,11,50025,17,0.2,9.8,37936,16.7,0.3,9.1,31228,19.7,-0.4,6.2,,,,,,,,,,,,,,,,,,,55432,17.6,-0.7,6.9,28,47483,17.6,0.3,9.7,362
01/08/1997,Isle of Wight,E06000046,48664,18,,2.3,11.6,,335,78315,18.3,2.7,13,51132,17.4,2.2,11.9,38709,17.1,2,11.3,31806,20.1,1.8,8.4,,,,,,,,,,,,,,,,,,,56376,17.9,1.7,8.3,28,48582,18,2.3,11.8,307
01/09/1997,Isle of Wight,E06000046,49491,18.3,,1.7,12.3,,356,79619,18.6,1.7,13.2,52024,17.7,1.7,12.7,39363,17.3,1.7,12,32353,20.5,1.7,9.9,,,,,,,,,,,,,,,,,,,57349,18.2,1.7,9.9,34,49407,18.3,1.7,12.5,322
01/10/1997,Isle of Wight,E06000046,50330,18.7,,1.7,15.8,,359,81078,18.9,1.8,16.6,52892,17.9,1.7,16.3,39934,17.6,1.5,15.6,32934,20.8,1.8,13.8,,,,,,,,,,,,,,,,,,,58373,18.5,1.8,13.6,23,50241,18.7,1.7,16,336
01/11/1997,Isle of Wight,E06000046,50891,18.9,,1.1,17.7,,311,82034,19.2,1.2,18.8,53466,18.1,1.1,18.1,40334,17.8,1,17.3,33324,21.1,1.2,15.4,,,,,,,,,,,,,,,,,,,59132,18.7,1.3,15.6,23,50792,18.9,1.1,17.9,288
01/12/1997,Isle of Wight,E06000046,51445,19.1,,1.1,17.7,,312,83000,19.4,1.2,19,54100,18.4,1.2,17.9,40700,17.9,0.9,17.1,33656,21.3,1,15.4,,,,,,,,,,,,,,,,,,,59976,19,1.4,15.9,32,51328,19.1,1.1,17.8,280
01/01/1998,Isle of Wight,E06000046,50836,18.8,,-1.2,13.5,,205,82096,19.2,-1.1,15,53399,18.1,-1.3,13.6,40238,17.7,-1.1,12.8,33232,21,-1.3,11.3,,,,,,,,,,,,,,,,,,,59678,18.9,-0.5,13.1,12,50688,18.8,-1.2,13.5,193
01/02/1998,Isle of Wight,E06000046,50463,18.7,,-0.7,13.2,,239,81210,19,-1.1,14,53012,18,-0.7,13.4,39931,17.6,-0.8,12.7,33202,21,-0.1,11.7,,,,,,,,,,,,,,,,,,,59971,19,0.5,14,16,50265,18.7,-0.8,13.1,223
01/03/1998,Isle of Wight,E06000046,50174,18.6,,-0.6,12.9,,282,80609,18.8,-0.7,13.5,52716,17.9,-0.6,13.4,39799,17.5,-0.3,12.6,32992,20.9,-0.6,11.1,,,,,,,,,,,,,,,,,,,59905,19,-0.1,13.7,19,49959,18.6,-0.6,12.9,263
01/04/1998,Isle of Wight,E06000046,51661,19.1,,3,13.1,,318,82829,19.3,2.8,13.7,54432,18.5,3.3,13.7,41003,18.1,3,12.8,33916,21.4,2.8,11.1,,,,,,,,,,,,,,,,,,,61632,19.5,2.9,13.3,30,51442,19.1,3,13.1,288
01/05/1998,Isle of Wight,E06000046,52104,19.3,,0.9,10.5,,266,83633,19.5,1,11.5,54891,18.6,0.8,10.9,41462,18.3,1.1,10.2,34027,21.5,0.3,8.5,,,,,,,,,,,,,,,,,,,61604,19.5,0,10.3,25,51919,19.3,0.9,10.6,241
01/06/1998,Isle of Wight,E06000046,53040,19.7,,1.8,11.7,,331,85254,19.9,1.9,12.4,55775,18.9,1.6,11.7,42139,18.6,1.6,11.4,34725,22,2.1,10.7,,,,,,,,,,,,,,,,,,,62406,19.8,1.3,11.8,32,52872,19.6,1.8,11.7,299
01/07/1998,Isle of Wight,E06000046,53726,19.9,,1.3,12.9,,413,86539,20.2,1.5,13.4,56443,19.2,1.2,12.8,42646,18.8,1.2,12.4,35136,22.2,1.2,12.5,,,,,,,,,,,,,,,,,,,63027,20,1,13.7,34,53567,19.9,1.3,12.8,379
01/08/1998,Isle of Wight,E06000046,54588,20.2,,1.6,12.2,,258,88265,20.6,2,12.7,57311,19.4,1.5,12.1,43247,19.1,1.4,11.7,35581,22.5,1.3,11.9,,,,,,,,,,,,,,,,,,,64057,20.3,1.6,13.6,19,54425,20.2,1.6,12,239
01/09/1998,Isle of Wight,E06000046,55757,20.7,,2.1,12.7,,301,90341,21.1,2.4,13.5,58547,19.9,2.2,12.5,44186,19.5,2.2,12.3,36188,22.9,1.7,11.9,,,,,,,,,,,,,,,,,,,65082,20.6,1.6,13.5,11,55614,20.7,2.2,12.6,290
01/10/1998,Isle of Wight,E06000046,56208,20.8,,0.8,11.7,,345,91017,21.3,0.7,12.3,58949,20,0.7,11.5,44466,19.6,0.6,11.3,36671,23.2,1.3,11.3,,,,,,,,,,,,,,,,,,,65709,20.8,1,12.6,20,56057,20.8,0.8,11.6,325
01/11/1998,Isle of Wight,E06000046,57389,21.3,,2.1,12.8,,292,93063,21.7,2.2,13.4,60213,20.4,2.1,12.6,45224,19.9,1.7,12.1,37518,23.7,2.3,12.6,,,,,,,,,,,,,,,,,,,67353,21.4,2.5,13.9,26,57218,21.3,2.1,12.7,266
01/12/1998,Isle of Wight,E06000046,57275,21.2,,-0.2,11.3,,301,92640,21.6,-0.5,11.6,60166,20.4,-0.1,11.2,45025,19.8,-0.4,10.6,37664,23.8,0.4,11.9,,,,,,,,,,,,,,,,,,,67945,21.5,0.9,13.3,25,57057,21.2,-0.3,11.2,276
01/01/1999,Isle of Wight,E06000046,56759,21,,-0.9,11.7,,245,91777,21.4,-0.9,11.8,59697,20.3,-0.8,11.8,44599,19.7,-0.9,10.8,37301,23.6,-1,12.2,,,,,,,,,,,,,,,,,,,67857,21.5,-0.1,13.7,15,56510,21,-1,11.5,230
01/02/1999,Isle of Wight,E06000046,55814,20.7,,-1.7,10.6,,206,89997,21,-1.9,10.8,58753,19.9,-1.6,10.8,43943,19.4,-1.5,10,36715,23.2,-1.6,10.6,,,,,,,,,,,,,,,,,,,66957,21.2,-1.3,11.6,16,55554,20.6,-1.7,10.5,190
01/03/1999,Isle of Wight,E06000046,57859,21.4,,3.7,15.3,,308,93196,21.8,3.6,15.6,60912,20.7,3.7,15.5,45603,20.1,3.8,14.6,38080,24.1,3.7,15.4,,,,,,,,,,,,,,,,,,,69244,22,3.4,15.6,31,57599,21.4,3.7,15.3,277
01/04/1999,Isle of Wight,E06000046,58739,21.8,,1.5,13.7,,300,94354,22,1.2,13.9,61825,21,1.5,13.6,46466,20.5,1.9,13.3,38676,24.4,1.6,14,,,,,,,,,,,,,,,,,,,69769,22.1,0.8,13.2,26,58508,21.7,1.6,13.7,274
01/05/1999,Isle of Wight,E06000046,59672,22.1,,1.6,14.5,,327,95680,22.3,1.4,14.4,62800,21.3,1.6,14.4,47327,20.9,1.9,14.1,39291,24.8,1.6,15.5,,,,,,,,,,,,,,,,,,,70767,22.4,1.4,14.9,20,59445,22.1,1.6,14.5,307
01/06/1999,Isle of Wight,E06000046,58644,21.7,,-1.7,10.6,,370,94069,22,-1.7,10.3,61671,20.9,-1.8,10.6,46606,20.5,-1.5,10.6,38520,24.4,-2,10.9,,,,,,,,,,,,,,,,,,,69482,22,-1.8,11.3,30,58425,21.7,-1.7,10.5,340
01/07/1999,Isle of Wight,E06000046,59591,22.1,,1.6,10.9,,434,96011,22.4,2.1,10.9,62569,21.2,1.5,10.9,47294,20.8,1.5,10.9,38985,24.6,1.2,11,,,,,,,,,,,,,,,,,,,70589,22.4,1.6,12,20,59370,22,1.6,10.8,414
01/08/1999,Isle of Wight,E06000046,60505,22.4,,1.5,10.8,,383,97672,22.8,1.7,10.7,63442,21.5,1.4,10.7,48026,21.2,1.5,11.1,39512,25,1.4,11,,,,,,,,,,,,,,,,,,,71142,22.6,0.8,11.1,17,60313,22.4,1.6,10.8,366
01/09/1999,Isle of Wight,E06000046,62335,23.1,,3,11.8,,386,100986,23.6,3.4,11.8,65249,22.1,2.8,11.4,49371,21.8,2.8,11.7,40668,25.7,2.9,12.4,,,,,,,,,,,,,,,,,,,72737,23.1,2.2,11.8,27,62173,23.1,3.1,11.8,359
01/10/1999,Isle of Wight,E06000046,63660,23.6,,2.1,13.3,,411,103224,24.1,2.2,13.4,66650,22.6,2.1,13.1,50195,22.1,1.7,12.9,41715,26.4,2.6,13.8,,,,,,,,,,,,,,,,,,,74235,23.5,2.1,13,27,63497,23.6,2.1,13.3,384
01/11/1999,Isle of Wight,E06000046,65219,24.2,,2.4,13.6,,407,105718,24.7,2.4,13.6,68303,23.2,2.5,13.4,51291,22.6,2.2,13.4,42900,27.1,2.8,14.3,,,,,,,,,,,,,,,,,,,75999,24.1,2.4,12.8,25,65056,24.2,2.5,13.7,382
01/12/1999,Isle of Wight,E06000046,65583,24.3,,0.6,14.5,,330,105930,24.7,0.2,14.3,68673,23.3,0.5,14.1,51618,22.7,0.6,14.6,43405,27.4,1.2,15.2,,,,,,,,,,,,,,,,,,,77111,24.5,1.5,13.5,28,65376,24.3,0.5,14.6,302
01/01/2000,Isle of Wight,E06000046,66260,24.6,,1,16.7,,229,107161,25,1.2,16.8,69431,23.6,1.1,16.3,52156,23,1,16.9,43689,27.6,0.7,17.1,,,,,,,,,,,,,,,,,,,77710,24.6,0.8,14.5,18,66063,24.5,1.1,16.9,211
01/02/2000,Isle of Wight,E06000046,67121,24.9,,1.3,20.3,,255,108725,25.4,1.5,20.8,70282,23.8,1.2,19.6,52803,23.3,1.2,20.2,44180,27.9,1.1,20.3,,,,,,,,,,,,,,,,,,,79177,25.1,1.9,18.3,22,66893,24.8,1.3,20.4,233
01/03/2000,Isle of Wight,E06000046,68001,25.2,,1.3,17.5,,325,110409,25.8,1.5,18.5,71368,24.2,1.5,17.2,53442,23.6,1.2,17.2,44428,28.1,0.6,16.7,,,,,,,,,,,,,,,,,,,79898,25.3,0.9,15.4,25,67790,25.2,1.3,17.7,300
01/04/2000,Isle of Wight,E06000046,69352,25.7,,2,18.1,,293,112151,26.2,1.6,18.9,72704,24.7,1.9,17.6,54590,24.1,2.1,17.5,45575,28.8,2.6,17.8,,,,,,,,,,,,,,,,,,,81554,25.9,2.1,16.9,15,69133,25.7,2,18.2,278
01/05/2000,Isle of Wight,E06000046,70486,26.1,,1.6,18.1,,319,113804,26.6,1.5,18.9,73967,25.1,1.7,17.8,55424,24.4,1.5,17.1,46420,29.3,1.9,18.1,,,,,,,,,,,,,,,,,,,82521,26.2,1.2,16.6,11,70286,26.1,1.7,18.2,308
01/06/2000,Isle of Wight,E06000046,73492,27.2,,4.3,25.3,,319,118590,27.7,4.2,26.1,77054,26.1,4.2,24.9,57647,25.4,4,23.7,48625,30.7,4.7,26.2,,,,,,,,,,,,,,,,,,,85706,27.2,3.9,23.3,26,73304,27.2,4.3,25.5,293
01/07/2000,Isle of Wight,E06000046,74472,27.6,,1.3,25,,369,120888,28.2,1.9,25.9,78177,26.5,1.5,24.9,58224,25.7,1,23.1,48938,30.9,0.6,25.5,,,,,,,,,,,,,,,,,,,86590,27.5,1,22.7,25,74298,27.6,1.4,25.1,344
01/08/2000,Isle of Wight,E06000046,75050,27.8,,0.8,24,,338,122124,28.5,1,25,78788,26.7,0.8,24.2,58446,25.8,0.4,21.7,49345,31.2,0.8,24.9,,,,,,,,,,,,,,,,,,,87257,27.7,0.8,22.7,20,74875,27.8,0.8,24.1,318
01/09/2000,Isle of Wight,E06000046,75506,28,,0.6,21.1,,305,123475,28.8,1.1,22.3,79106,26.8,0.4,21.2,58629,25.8,0.3,18.8,49575,31.3,0.5,21.9,,,,,,,,,,,,,,,,,,,87625,27.8,0.4,20.5,27,75339,28,0.6,21.2,278
01/10/2000,Isle of Wight,E06000046,76598,28.4,,1.4,20.3,,338,125073,29.2,1.3,21.2,80298,27.2,1.5,20.5,59307,26.1,1.2,18.2,50519,31.9,1.9,21.1,,,,,,,,,,,,,,,,,,,89258,28.3,1.9,20.2,39,76406,28.4,1.4,20.3,299
01/11/2000,Isle of Wight,E06000046,79409,29.4,,3.7,21.8,,318,129943,30.4,3.9,22.9,83118,28.2,3.5,21.7,61370,27,3.5,19.7,52420,33.1,3.8,22.2,,,,,,,,,,,,,,,,,,,92908,29.5,4.1,22.2,13,79188,29.4,3.6,21.7,305
01/12/2000,Isle of Wight,E06000046,79114,29.3,,-0.4,20.6,,299,128997,30.1,-0.7,21.8,82877,28.1,-0.3,20.7,61083,26.9,-0.5,18.3,52501,33.2,0.2,21,,,,,,,,,,,,,,,,,,,93419,29.6,0.6,21.1,28,78840,29.3,-0.4,20.6,271
01/01/2001,Isle of Wight,E06000046,80601,29.9,,1.9,21.6,,223,131237,30.7,1.7,22.5,84325,28.6,1.7,21.5,62391,27.5,2.1,19.6,53547,33.8,2,22.6,,,,,,,,,,,,,,,,,,,96079,30.5,2.8,23.6,21,80268,29.8,1.8,21.5,202
01/02/2001,Isle of Wight,E06000046,79684,29.5,,-1.1,18.7,,223,129132,30.2,-1.6,18.8,83511,28.3,-1,18.8,61888,27.3,-0.8,17.2,52992,33.5,-1,19.9,,,,,,,,,,,,,,,,,,,95916,30.4,-0.2,21.1,18,79298,29.5,-1.2,18.5,205
01/03/2001,Isle of Wight,E06000046,80492,29.8,,1,18.4,,297,130385,30.5,1,18.1,84475,28.7,1.2,18.4,62656,27.6,1.2,17.2,53329,33.7,0.6,20,,,,,,,,,,,,,,,,,,,97003,30.8,1.1,21.4,26,80095,29.7,1,18.2,271
01/04/2001,Isle of Wight,E06000046,79360,29.4,,-1.4,14.4,,307,128594,30,-1.4,14.7,83216,28.2,-1.5,14.5,61816,27.2,-1.3,13.2,52575,33.2,-1.4,15.4,,,,,,,,,,,,,,,,,,,95417,30.3,-1.6,17,21,78983,29.3,-1.4,14.2,286
01/05/2001,Isle of Wight,E06000046,80590,29.9,,1.6,14.3,,341,130635,30.5,1.6,14.8,84504,28.7,1.5,14.2,62809,27.7,1.6,13.3,53328,33.7,1.4,14.9,,,,,,,,,,,,,,,,,,,95676,30.3,0.3,15.9,26,80285,29.8,1.6,14.2,315
01/06/2001,Isle of Wight,E06000046,81642,30.3,,1.3,11.1,,364,131972,30.8,1,11.3,85497,29,1.2,11,63639,28,1.3,10.4,54350,34.4,1.9,11.8,,,,,,,,,,,,,,,,,,,96884,30.7,1.3,13,35,81335,30.2,1.3,11,329
01/07/2001,Isle of Wight,E06000046,85956,31.9,,5.3,15.4,,352,139031,32.5,5.3,15,90106,30.6,5.4,15.3,66939,29.5,5.2,15,57148,36.1,5.1,16.8,,,,,,,,,,,,,,,,,,,101529,32.2,4.8,17.3,15,85663,31.8,5.3,15.3,337
01/08/2001,Isle of Wight,E06000046,86629,32.1,,0.8,15.4,,437,140267,32.8,0.9,14.9,90669,30.8,0.6,15.1,67415,29.7,0.7,15.3,57684,36.5,0.9,16.9,,,,,,,,,,,,,,,,,,,102734,32.6,1.2,17.7,30,86307,32.1,0.8,15.3,407
01/09/2001,Isle of Wight,E06000046,86354,32,,-0.3,14.4,,335,140418,32.8,0.1,13.7,90220,30.6,-0.5,14,67103,29.6,-0.5,14.5,57382,36.3,-0.5,15.7,,,,,,,,,,,,,,,,,,,102587,32.5,-0.1,17.1,24,86022,31.9,-0.3,14.2,311
01/10/2001,Isle of Wight,E06000046,85993,31.9,,-0.4,12.3,,351,139672,32.6,-0.5,11.7,89829,30.5,-0.4,11.9,66730,29.4,-0.6,12.5,57349,36.3,-0.1,13.5,,,,,,,,,,,,,,,,,,,102991,32.7,0.4,15.4,28,85610,31.8,-0.5,12,323
01/11/2001,Isle of Wight,E06000046,88067,32.6,,2.4,10.9,,360,142971,33.4,2.4,10,92033,31.2,2.5,10.7,68230,30.1,2.2,11.2,58856,37.2,2.6,12.3,,,,,,,,,,,,,,,,,,,105472,33.4,2.4,13.5,38,87675,32.6,2.4,10.7,322
01/12/2001,Isle of Wight,E06000046,92163,34.2,,4.7,16.5,,258,149033,34.8,4.2,15.5,96376,32.7,4.7,16.3,71260,31.4,4.4,16.7,62064,39.2,5.4,18.2,,,,,,,,,,,,,,,,,,,110662,35.1,4.9,18.5,22,91734,34.1,4.6,16.4,236
01/01/2002,Isle of Wight,E06000046,90045,33.4,,-2.3,11.7,,217,145540,34,-2.3,10.9,94090,31.9,-2.4,11.6,69539,30.6,-2.4,11.5,60835,38.5,-2,13.6,,,,,,,,,,,,,,,,,,,108172,34.3,-2.2,12.6,20,89623,33.3,-2.3,11.7,197
01/02/2002,Isle of Wight,E06000046,89812,33.3,,-0.3,12.7,,232,144840,33.8,-0.5,12.2,93722,31.8,-0.4,12.2,69548,30.7,0,12.4,60802,38.4,-0.1,14.7,,,,,,,,,,,,,,,,,,,109299,34.7,1,14,15,89303,33.2,-0.4,12.6,217
01/03/2002,Isle of Wight,E06000046,89739,33.3,,-0.1,11.5,,329,144411,33.7,-0.3,10.8,93774,31.8,0.1,11,69735,30.7,0.3,11.3,60570,38.3,-0.4,13.6,,,,,,,,,,,,,,,,,,,109194,34.6,-0.1,12.6,25,89232,33.1,-0.1,11.4,304
01/04/2002,Isle of Wight,E06000046,93682,34.7,,4.4,18,,337,150236,35.1,4,16.8,97735,33.2,4.2,17.4,72911,32.1,4.6,17.9,63598,40.2,5,21,,,,,,,,,,,,,,,,,,,114056,36.2,4.5,19.5,23,93148,34.6,4.4,17.9,314
01/05/2002,Isle of Wight,E06000046,97019,36,,3.6,20.4,,395,155222,36.3,3.3,18.8,101372,34.4,3.7,20,75439,33.2,3.5,20.1,66026,41.7,3.8,23.8,,,,,,,,,,,,,,,,,,,116809,37,2.4,22.1,37,96548,35.9,3.7,20.3,358
01/06/2002,Isle of Wight,E06000046,99292,36.8,,2.3,21.6,,350,158650,37.1,2.2,20.2,103497,35.1,2.1,21.1,77293,34.1,2.5,21.5,67859,42.9,2.8,24.9,,,,,,,,,,,,,,,,,,,119174,37.8,2,23,40,98834,36.7,2.4,21.5,310
01/07/2002,Isle of Wight,E06000046,102523,38,,3.3,19.3,,426,164211,38.4,3.5,18.1,106956,36.3,3.3,18.7,79832,35.2,3.3,19.3,69698,44.1,2.7,22,,,,,,,,,,,,,,,,,,,121798,38.6,2.2,20,24,102129,37.9,3.3,19.2,402
01/08/2002,Isle of Wight,E06000046,103710,38.4,,1.2,19.7,,435,166370,38.9,1.3,18.6,108087,36.7,1.1,19.2,80724,35.6,1.1,19.7,70473,44.5,1.1,22.2,,,,,,,,,,,,,,,,,,,122880,39,0.9,19.6,36,103332,38.4,1.2,19.7,399
01/09/2002,Isle of Wight,E06000046,106910,39.6,,3.1,23.8,,331,172221,40.2,3.5,22.6,111595,37.9,3.2,23.7,82914,36.5,2.7,23.6,72335,45.7,2.6,26.1,,,,,,,,,,,,,,,,,,,125576,39.8,2.2,22.4,16,106591,39.6,3.2,23.9,315
01/10/2002,Isle of Wight,E06000046,108690,40.3,,1.7,26.4,,399,174870,40.8,1.5,25.2,113593,38.5,1.8,26.5,84100,37.1,1.4,26,73752,46.6,2,28.6,,,,,,,,,,,,,,,,,,,127789,40.5,1.8,24.1,37,108357,40.2,1.7,26.6,362
01/11/2002,Isle of Wight,E06000046,111707,41.4,,2.8,26.8,,394,179977,42,2.9,25.9,116608,39.6,2.7,26.7,86268,38,2.6,26.4,75948,48,3,29,,,,,,,,,,,,,,,,,,,130682,41.4,2.3,23.9,52,111408,41.4,2.8,27.1,342
01/12/2002,Isle of Wight,E06000046,112718,41.8,,0.9,22.3,,310,180521,42.2,0.3,21.1,117813,40,1,22.2,87103,38.4,1,22.2,77143,48.8,1.6,24.3,,,,,,,,,,,,,,,,,,,132080,41.9,1.1,19.4,26,112401,41.7,0.9,22.5,284
01/01/2003,Isle of Wight,E06000046,113340,42,,0.6,25.9,,264,181312,42.4,0.4,24.6,118157,40.1,0.3,25.6,87775,38.7,0.8,26.2,77792,49.2,0.8,27.9,,,,,,,,,,,,,,,,,,,131939,41.8,-0.1,22,16,113078,42,0.6,26.2,248
01/02/2003,Isle of Wight,E06000046,114049,42.3,,0.6,27,,278,181623,42.4,0.2,25.4,119043,40.4,0.7,27,88424,39,0.7,27.1,78568,49.7,1,29.2,,,,,,,,,,,,,,,,,,,133125,42.2,0.9,21.8,27,113762,42.3,0.6,27.4,251
01/03/2003,Isle of Wight,E06000046,115090,42.7,,0.9,28.2,,256,183378,42.8,1,27,119836,40.7,0.7,27.8,89402,39.4,1.1,28.2,79323,50.1,1,31,,,,,,,,,,,,,,,,,,,134541,42.7,1.1,23.2,23,114788,42.6,0.9,28.6,233
01/04/2003,Isle of Wight,E06000046,116420,43.2,,1.2,24.3,,284,184750,43.2,0.7,23,121469,41.2,1.4,24.3,90501,39.9,1.2,24.1,80421,50.8,1.4,26.5,,,,,,,,,,,,,,,,,,,136759,43.4,1.6,19.9,24,116072,43.1,1.1,24.6,260
01/05/2003,Isle of Wight,E06000046,119486,44.3,,2.6,23.2,,281,189309,44.2,2.5,22,124868,42.4,2.8,23.2,93162,41.1,2.9,23.5,82248,52,2.3,24.6,,,,,,,,,,,,,,,,,,,140110,44.4,2.5,19.9,19,119145,44.3,2.6,23.4,262
01/06/2003,Isle of Wight,E06000046,124078,46,,3.8,25,,289,196296,45.9,3.7,23.7,129797,44,3.9,25.4,96709,42.6,3.8,25.1,85510,54.1,4,26,,,,,,,,,,,,,,,,,,,145835,46.2,4.1,22.4,32,123702,45.9,3.8,25.2,257
01/07/2003,Isle of Wight,E06000046,127421,47.2,,2.7,24.3,,314,201245,47,2.5,22.6,133607,45.3,2.9,24.9,99505,43.9,2.9,24.6,87531,55.3,2.4,25.6,,,,,,,,,,,,,,,,,,,149732,47.5,2.7,22.9,18,127036,47.2,2.7,24.4,296
01/08/2003,Isle of Wight,E06000046,126158,46.8,,-1,21.6,,346,198927,46.5,-1.2,19.6,132353,44.9,-0.9,22.5,98536,43.4,-1,22.1,86793,54.9,-0.8,23.2,,,,,,,,,,,,,,,,,,,148070,46.9,-1.1,20.5,26,125789,46.7,-1,21.7,320
01/09/2003,Isle of Wight,E06000046,123434,45.8,,-2.2,15.5,,357,194399,45.4,-2.3,12.9,129777,44,-1.9,16.3,96717,42.6,-1.8,16.6,84466,53.4,-2.7,16.8,,,,,,,,,,,,,,,,,,,143776,45.6,-2.9,14.5,29,123143,45.7,-2.1,15.5,328
01/10/2003,Isle of Wight,E06000046,123435,45.8,,0,13.6,,433,194224,45.4,-0.1,11.1,129557,44,-0.2,14.1,96827,42.7,0.1,15.1,84681,53.5,0.3,14.8,,,,,,,,,,,,,,,,,,,143534,45.5,-0.2,12.3,36,123160,45.7,0,13.7,397
01/11/2003,Isle of Wight,E06000046,127741,47.3,,3.5,14.4,,386,200715,46.9,3.3,11.5,134089,45.5,3.5,15,100337,44.2,3.6,16.3,87672,55.4,3.5,15.4,,,,,,,,,,,,,,,,,,,148522,47.1,3.5,13.7,20,127458,47.3,3.5,14.4,366
01/12/2003,Isle of Wight,E06000046,130766,48.5,,2.4,16,,421,204152,47.7,1.7,13.1,137135,46.5,2.3,16.4,102980,45.4,2.6,18.2,90485,57.2,3.2,17.3,,,,,,,,,,,,,,,,,,,152571,48.4,2.7,15.5,22,130442,48.4,2.3,16.1,399
01/01/2004,Isle of Wight,E06000046,131871,48.9,,0.8,16.4,,304,205394,48,0.6,13.3,138305,46.9,0.9,17.1,104069,45.9,1.1,18.6,91329,57.7,0.9,17.4,,,,,,,,,,,,,,,,,,,154467,49,1.2,17.1,20,131505,48.8,0.8,16.3,284
01/02/2004,Isle of Wight,E06000046,131608,48.8,,-0.2,15.4,,320,204005,47.7,-0.7,12.3,138015,46.8,-0.2,15.9,104320,46,0.2,18,91380,57.8,0.1,16.3,,,,,,,,,,,,,,,,,,,155551,49.3,0.7,16.8,46,131138,48.7,-0.3,15.3,274
01/03/2004,Isle of Wight,E06000046,133085,49.3,,1.1,15.6,,356,206280,48.2,1.1,12.5,139440,47.3,1,16.4,105827,46.6,1.4,18.4,92186,58.3,0.9,16.2,,,,,,,,,,,,,,,,,,,157723,50,1.4,17.2,32,132584,49.2,1.1,15.5,324
01/04/2004,Isle of Wight,E06000046,135317,50.2,,1.7,16.2,,354,208101,48.6,0.9,12.6,142021,48.2,1.9,16.9,108302,47.7,2.3,19.7,94003,59.4,2,16.9,,,,,,,,,,,,,,,,,,,158947,50.4,0.8,16.2,16,134932,50.1,1.8,16.2,338
01/05/2004,Isle of Wight,E06000046,138257,51.2,,2.2,15.7,,329,211235,49.3,1.5,11.6,144987,49.2,2.1,16.1,111221,49,2.7,19.4,96551,61,2.7,17.4,,,,,,,,,,,,,,,,,,,161096,51.1,1.4,15,32,137976,51.2,2.3,15.8,297
01/06/2004,Isle of Wight,E06000046,142526,52.8,,3.1,14.9,,363,216466,50.6,2.5,10.3,149709,50.8,3.3,15.3,114968,50.7,3.4,18.9,99922,63.2,3.5,16.9,,,,,,,,,,,,,,,,,,,165903,52.6,3,13.8,40,142251,52.8,3.1,15,323
01/07/2004,Isle of Wight,E06000046,144875,53.7,,1.6,13.7,,438,219930,51.4,1.6,9.3,152280,51.7,1.7,14,116923,51.5,1.7,17.5,101505,64.2,1.6,16,,,,,,,,,,,,,,,,,,,167897,53.2,1.2,12.1,22,144661,53.7,1.7,13.9,416
01/08/2004,Isle of Wight,E06000046,147872,54.8,,2.1,17.2,,365,224683,52.5,2.2,12.9,155475,52.8,2.1,17.5,119260,52.6,2,21,103510,65.4,2,19.3,,,,,,,,,,,,,,,,,,,170263,54,1.4,15,39,147753,54.9,2.1,17.5,326
01/09/2004,Isle of Wight,E06000046,147502,54.7,,-0.3,19.5,,320,224602,52.5,0,15.5,154940,52.6,-0.3,19.4,118952,52.4,-0.3,23,103051,65.1,-0.4,22,,,,,,,,,,,,,,,,,,,168697,53.5,-0.9,17.3,35,147483,54.8,-0.2,19.8,285
01/10/2004,Isle of Wight,E06000046,152908,56.7,,3.7,23.9,,329,232683,54.4,3.6,19.8,160214,54.4,3.4,23.7,123233,54.3,3.6,27.3,107299,67.8,4.1,26.7,,,,,,,,,,,,,,,,,,,176021,55.8,4.3,22.6,30,152786,56.7,3.6,24.1,299
01/11/2004,Isle of Wight,E06000046,154368,57.2,,1,20.8,,262,234488,54.8,0.8,16.8,161556,54.8,0.8,20.5,124437,54.8,1,24,108719,68.7,1.3,24,,,,,,,,,,,,,,,,,,,178808,56.7,1.6,20.4,24,154148,57.3,0.9,20.9,238
01/12/2004,Isle of Wight,E06000046,155633,57.7,,0.8,19,,272,235047,54.9,0.2,15.1,162757,55.2,0.7,18.7,125900,55.5,1.2,22.3,110228,69.7,1.4,21.8,,,,,,,,,,,,,,,,,,,181921,57.7,1.7,19.2,36,155266,57.7,0.7,19,236
01/01/2005,Isle of Wight,E06000046,153562,56.9,,-1.3,16.4,,202,231621,54.1,-1.5,12.8,160553,54.5,-1.4,16.1,124584,54.9,-1,19.7,108682,68.7,-1.4,19,,,,,,,,,,,,,,,,,,,181470,57.5,-0.2,17.5,8,153029,56.8,-1.4,16.4,194
01/02/2005,Isle of Wight,E06000046,155035,57.5,,1,17.8,,180,233282,54.5,0.7,14.4,162445,55.1,1.2,17.7,126049,55.6,1.2,20.8,109500,69.2,0.8,19.8,,,,,,,,,,,,,,,,,,,185745,58.9,2.4,19.4,17,154287,57.3,0.8,17.7,163
01/03/2005,Isle of Wight,E06000046,154756,57.4,,-0.2,16.3,,227,233021,54.4,-0.1,13,162386,55.1,0,16.5,125910,55.5,-0.1,19,108838,68.8,-0.6,18.1,,,,,,,,,,,,,,,,,,,187014,59.3,0.7,18.6,11,153882,57.2,-0.3,16.1,216
01/04/2005,Isle of Wight,E06000046,154959,57.4,,0.1,14.5,,230,232018,54.2,-0.4,11.5,163001,55.3,0.4,14.8,126442,55.7,0.4,16.7,108980,68.9,0.1,15.9,,,,,,,,,,,,,,,,,,,189046,59.9,1.1,18.9,13,153947,57.2,0,14.1,217
01/05/2005,Isle of Wight,E06000046,152205,56.4,,-1.8,10.1,,244,227897,53.2,-1.8,7.9,159837,54.2,-1.9,10.2,124380,54.8,-1.6,11.8,107085,67.7,-1.7,10.9,,,,,,,,,,,,,,,,,,,185856,58.9,-1.7,15.4,24,151198,56.2,-1.8,9.6,220
01/06/2005,Isle of Wight,E06000046,153438,56.9,,0.8,7.7,,265,229081,53.5,0.5,5.8,161043,54.6,0.8,7.6,125702,55.4,1.1,9.3,108077,68.3,0.9,8.2,,,,,,,,,,,,,,,,,,,186827,59.2,0.5,12.6,29,152464,56.6,0.8,7.2,236
01/07/2005,Isle of Wight,E06000046,152267,56.4,,-0.8,5.1,,295,227716,53.2,-0.6,3.5,159766,54.2,-0.8,4.9,124709,55,-0.8,6.7,107118,67.7,-0.9,5.5,,,,,,,,,,,,,,,,,,,184371,58.5,-1.3,9.8,30,151378,56.2,-0.7,4.6,265
01/08/2005,Isle of Wight,E06000046,154418,57.2,,1.4,4.4,,261,231093,54,1.5,2.9,161973,55,1.4,4.2,126598,55.8,1.5,6.2,108463,68.6,1.3,4.8,,,,,,,,,,,,,,,,,,,186644,59.2,1.2,9.6,26,153543,57,1.4,3.9,235
01/09/2005,Isle of Wight,E06000046,155228,57.5,,0.5,5.2,,262,232606,54.3,0.7,3.6,162759,55.2,0.5,5,127339,56.1,0.6,7.1,108844,68.8,0.4,5.6,,,,,,,,,,,,,,,,,,,187920,59.6,0.7,11.4,21,154325,57.3,0.5,4.6,241
01/10/2005,Isle of Wight,E06000046,159238,59,,2.6,4.1,,297,238442,55.7,2.5,2.5,166596,56.5,2.4,4,130748,57.6,2.7,6.1,111944,70.8,2.8,4.3,,,,,,,,,,,,,,,,,,,193316,61.3,2.9,9.8,24,158270,58.8,2.6,3.6,273
01/11/2005,Isle of Wight,E06000046,158599,58.8,,-0.4,2.7,,333,236913,55.3,-0.6,1,165966,56.3,-0.4,2.7,130369,57.5,-0.3,4.8,111628,70.6,-0.3,2.7,,,,,,,,,,,,,,,,,,,193480,61.3,0.1,8.2,35,157564,58.5,-0.4,2.2,298
01/12/2005,Isle of Wight,E06000046,157530,58.4,,-0.7,1.2,,290,234411,54.8,-1.1,-0.3,164615,55.9,-0.8,1.1,129572,57.1,-0.6,2.9,111493,70.5,-0.1,1.1,,,,,,,,,,,,,,,,,,,192954,61.2,-0.3,6.1,40,156444,58.1,-0.7,0.8,250
01/01/2006,Isle of Wight,E06000046,156358,58,,-0.7,1.8,,241,232420,54.3,-0.8,0.3,163442,55.5,-0.7,1.8,128998,56.9,-0.4,3.5,110371,69.8,-1,1.6,,,,,,,,,,,,,,,,,,,191543,60.7,-0.7,5.6,31,155278,57.7,-0.7,1.5,210
01/02/2006,Isle of Wight,E06000046,155735,57.7,,-0.4,0.5,,263,230766,53.9,-0.7,-1.1,162681,55.2,-0.5,0.1,128825,56.8,-0.1,2.2,110121,69.6,-0.2,0.6,,,,,,,,,,,,,,,,,,,191539,60.7,0,3.1,34,154592,57.4,-0.4,0.2,229
01/03/2006,Isle of Wight,E06000046,156709,58.1,,0.6,1.3,,275,232944,54.4,0.9,0,163905,55.6,0.8,0.9,129744,57.2,0.7,3,110081,69.6,0,1.1,,,,,,,,,,,,,,,,,,,192881,61.2,0.7,3.1,36,155543,57.8,0.6,1.1,239
01/04/2006,Isle of Wight,E06000046,157294,58.3,,0.4,1.5,,297,233680,54.6,0.3,0.7,164577,55.8,0.4,1,130286,57.4,0.4,3,110482,69.8,0.4,1.4,,,,,,,,,,,,,,,,,,,193992,61.5,0.6,2.6,26,156090,58,0.4,1.4,271
01/05/2006,Isle of Wight,E06000046,162113,60.1,,3.1,6.5,,319,241151,56.3,3.2,5.8,169728,57.6,3.1,6.2,134153,59.1,3,7.9,113683,71.9,2.9,6.2,,,,,,,,,,,,,,,,,,,199011,63.1,2.6,7.1,37,160950,59.8,3.1,6.4,282
01/06/2006,Isle of Wight,E06000046,163079,60.4,,0.6,6.3,,364,241789,56.5,0.3,5.5,170877,58,0.7,6.1,135101,59.5,0.7,7.5,114650,72.5,0.9,6.1,,,,,,,,,,,,,,,,,,,199509,63.3,0.3,6.8,61,161967,60.2,0.6,6.2,303
01/07/2006,Isle of Wight,E06000046,163496,60.6,,0.3,7.4,,351,242181,56.6,0.2,6.4,171408,58.2,0.3,7.3,135770,59.8,0.5,8.9,114738,72.5,0.1,7.1,,,,,,,,,,,,,,,,,,,198696,63,-0.4,7.8,29,162494,60.4,0.3,7.3,322
01/08/2006,Isle of Wight,E06000046,162496,60.2,,-0.6,5.2,,435,241028,56.3,-0.5,4.3,170478,57.8,-0.5,5.3,135194,59.6,-0.4,6.8,113507,71.8,-1.1,4.7,,,,,,,,,,,,,,,,,,,195327,61.9,-1.7,4.7,32,161685,60,-0.5,5.3,403
01/09/2006,Isle of Wight,E06000046,165031,61.2,,1.6,6.3,,349,245686,57.4,1.9,5.6,173196,58.8,1.6,6.4,137248,60.5,1.5,7.8,114688,72.5,1,5.4,,,,,,,,,,,,,,,,,,,197293,62.6,1,5,34,164299,61,1.6,6.5,315
01/10/2006,Isle of Wight,E06000046,165149,61.2,,0.1,3.7,,356,246206,57.5,0.2,3.3,173124,58.7,0,3.9,137002,60.4,-0.2,4.8,114995,72.7,0.3,2.7,,,,,,,,,,,,,,,,,,,197335,62.6,0,2.1,33,164425,61.1,0.1,3.9,323
01/11/2006,Isle of Wight,E06000046,167215,62,,1.3,5.4,,381,249202,58.2,1.2,5.2,175327,59.5,1.3,5.6,138674,61.1,1.2,6.4,116495,73.6,1.3,4.4,,,,,,,,,,,,,,,,,,,199873,63.4,1.3,3.3,27,166476,61.8,1.2,5.7,354
01/12/2006,Isle of Wight,E06000046,167100,61.9,,-0.1,6.1,,410,247986,57.9,-0.5,5.8,175123,59.4,-0.1,6.4,138845,61.2,0.1,7.2,116937,73.9,0.4,4.9,,,,,,,,,,,,,,,,,,,199939,63.4,0,3.6,46,166344,61.8,-0.1,6.3,364
01/01/2007,Isle of Wight,E06000046,170492,63.2,,2,9,,302,252654,59,1.9,8.7,178779,60.7,2.1,9.4,141994,62.6,2.3,10.1,119188,75.3,1.9,8,,,,,,,,,,,,,,,,,,,204129,64.7,2.1,6.6,26,169710,63,2,9.3,276
01/02/2007,Isle of Wight,E06000046,169591,62.9,,-0.5,8.9,,267,250704,58.6,-0.8,8.6,177662,60.3,-0.6,9.2,141231,62.2,-0.5,9.6,119072,75.3,-0.1,8.1,,,,,,,,,,,,,,,,,,,203777,64.6,-0.2,6.4,29,168746,62.7,-0.6,9.2,238
01/03/2007,Isle of Wight,E06000046,171322,63.5,,1,9.3,,334,253395,59.2,1.1,8.8,179494,60.9,1,9.5,142936,63,1.2,10.2,119958,75.8,0.7,9,,,,,,,,,,,,,,,,,,,205154,65,0.7,6.4,36,170510,63.3,1,9.6,298
01/04/2007,Isle of Wight,E06000046,172000,63.8,,0.4,9.3,,307,254087,59.4,0.3,8.7,180168,61.1,0.4,9.5,143750,63.4,0.6,10.3,120454,76.1,0.4,9,,,,,,,,,,,,,,,,,,,204721,64.9,-0.2,5.5,28,171262,63.6,0.4,9.7,279
01/05/2007,Isle of Wight,E06000046,172431,63.9,,0.3,6.4,,351,254145,59.4,0,5.4,180545,61.3,0.2,6.4,144487,63.7,0.5,7.7,120867,76.4,0.3,6.3,,,,,,,,,,,,,,,,,,,205737,65.2,0.5,3.4,43,171660,63.8,0.2,6.7,308
01/06/2007,Isle of Wight,E06000046,172734,64,,0.2,5.9,,385,254418,59.4,0.1,5.2,180661,61.3,0.1,5.7,144729,63.8,0.2,7.1,121356,76.7,0.4,5.8,,,,,,,,,,,,,,,,,,,206232,65.4,0.2,3.4,55,171954,63.9,0.2,6.2,330
01/07/2007,Isle of Wight,E06000046,172095,63.8,,-0.4,5.3,,328,253773,59.3,-0.3,4.8,180001,61.1,-0.4,5,144202,63.6,-0.4,6.2,120722,76.3,-0.5,5.2,,,,,,,,,,,,,,,,,,,206507,65.5,0.1,3.9,17,171253,63.6,-0.4,5.4,311
01/08/2007,Isle of Wight,E06000046,173889,64.5,,1,7,,395,257781,60.2,1.6,7,182012,61.8,1.1,6.8,145796,64.3,1.1,7.8,121014,76.5,0.2,6.6,,,,,,,,,,,,,,,,,,,206169,65.4,-0.2,5.6,11,173193,64.3,1.1,7.1,384
01/09/2007,Isle of Wight,E06000046,178180,66,,2.5,8,,346,264609,61.8,2.6,7.7,186544,63.3,2.5,7.7,149272,65.8,2.4,8.8,123788,78.3,2.3,7.9,,,,,,,,,,,,,,,,,,,210592,66.8,2.1,6.7,7,177509,65.9,2.5,8,339
01/10/2007,Isle of Wight,E06000046,179994,66.7,,1,9,,348,267539,62.5,1.1,8.7,188052,63.8,0.8,8.6,150560,66.4,0.9,9.9,125409,79.3,1.3,9.1,,,,,,,,,,,,,,,,,,,212183,67.3,0.8,7.5,16,179349,66.6,1,9.1,332
01/11/2007,Isle of Wight,E06000046,181967,67.4,,1.1,8.8,,311,270471,63.2,1.1,8.5,189832,64.4,0.9,8.3,151764,66.9,0.8,9.4,127356,80.5,1.6,9.3,,,,,,,,,,,,,,,,,,,215540,68.3,1.6,7.8,13,181251,67.3,1.1,8.9,298
01/12/2007,Isle of Wight,E06000046,177494,65.8,,-2.5,6.2,,247,264147,61.7,-2.3,6.5,184833,62.7,-2.6,5.5,147766,65.1,-2.6,6.4,124515,78.7,-2.2,6.5,,,,,,,,,,,,,,,,,,,211174,67,-2,5.6,18,176737,65.6,-2.5,6.2,229
01/01/2008,Isle of Wight,E06000046,176351,65.4,,-0.6,3.4,,222,262803,61.4,-0.5,4,183515,62.3,-0.7,2.6,146665,64.6,-0.7,3.3,123728,78.2,-0.6,3.8,,,,,,,,,,,,,,,,,,,210453,66.7,-0.3,3.1,10,175560,65.2,-0.7,3.4,212
01/02/2008,Isle of Wight,E06000046,175055,64.9,,-0.7,3.2,,208,260641,60.9,-0.8,4,182380,61.9,-0.6,2.7,145866,64.3,-0.5,3.3,122606,77.5,-0.9,3,,,,,,,,,,,,,,,,,,,211339,67,0.4,3.7,6,174116,64.7,-0.8,3.2,202
01/03/2008,Isle of Wight,E06000046,172872,64.1,,-1.2,0.9,,195,257293,60.1,-1.3,1.5,180584,61.3,-1,0.6,144555,63.7,-0.9,1.1,120393,76.1,-1.8,0.4,,,,,,,,,,,,,,,,,,,209760,66.5,-0.7,2.2,7,171878,63.8,-1.3,0.8,188
01/04/2008,Isle of Wight,E06000046,173227,64.2,,0.2,0.7,,187,257645,60.2,0.1,1.4,181244,61.5,0.4,0.6,145393,64.1,0.6,1.1,120105,75.9,-0.2,-0.3,,,,,,,,,,,,,,,,,,,210903,66.9,0.5,3,8,172184,63.9,0.2,0.5,179
01/05/2008,Isle of Wight,E06000046,172911,64.1,,-0.2,0.3,,211,256933,60,-0.3,1.1,181161,61.5,0,0.3,145329,64,0,0.6,119686,75.7,-0.3,-1,,,,,,,,,,,,,,,,,,,209582,66.5,-0.6,1.9,11,171929,63.9,-0.1,0.2,200
01/06/2008,Isle of Wight,E06000046,176584,65.5,,2.1,2.2,,193,262134,61.2,2,3,185062,62.8,2.2,2.4,148358,65.4,2.1,2.5,122379,77.4,2.2,0.8,,,,,,,,,,,,,,,,,,,213637,67.7,1.9,3.6,41,175608,65.2,2.1,2.1,152
01/07/2008,Isle of Wight,E06000046,176352,65.4,,-0.1,2.5,,164,261868,61.2,-0.1,3.2,185177,62.8,0.1,2.9,147905,65.2,-0.3,2.6,122125,77.2,-0.2,1.2,,,,,,,,,,,,,,,,,,,212400,67.3,-0.6,2.9,7,175439,65.2,-0.1,2.4,157
01/08/2008,Isle of Wight,E06000046,170609,63.2,,-3.3,-1.9,,181,253763,59.3,-3.1,-1.6,179024,60.7,-3.3,-1.6,142857,63,-3.4,-2,118186,74.7,-3.2,-2.3,,,,,,,,,,,,,,,,,,,203536,64.5,-4.2,-1.3,12,169853,63.1,-3.2,-1.9,169
01/09/2008,Isle of Wight,E06000046,167225,62,,-2,-6.1,,145,249999,58.4,-1.5,-5.5,175111,59.4,-2.2,-6.1,139613,61.5,-2.3,-6.5,115732,73.2,-2.1,-6.5,,,,,,,,,,,,,,,,,,,198441,62.9,-2.5,-5.8,21,166552,61.9,-1.9,-6.2,124
01/10/2008,Isle of Wight,E06000046,162716,60.3,,-2.7,-9.6,,160,243422,56.9,-2.6,-9,170156,57.7,-2.8,-9.5,135649,59.8,-2.8,-9.9,112842,71.3,-2.5,-10,,,,,,,,,,,,,,,,,,,192910,61.2,-2.8,-9.1,14,162074,60.2,-2.7,-9.6,146
01/11/2008,Isle of Wight,E06000046,164795,61.1,,1.3,-9.4,,131,246323,57.5,1.2,-8.9,172402,58.5,1.3,-9.2,137239,60.5,1.2,-9.6,114459,72.4,1.4,-10.1,,,,,,,,,,,,,,,,,,,197139,62.5,2.2,-8.5,12,164029,60.9,1.2,-9.5,119
01/12/2008,Isle of Wight,E06000046,164347,60.9,,-0.3,-7.4,,128,245193,57.3,-0.5,-7.2,172057,58.4,-0.2,-6.9,137066,60.4,-0.1,-7.2,114151,72.2,-0.3,-8.3,,,,,,,,,,,,,,,,,,,196066,62.2,-0.5,-7.2,13,163618,60.8,-0.3,-7.4,115
01/01/2009,Isle of Wight,E06000046,156518,58,,-4.8,-11.2,,114,234091,54.7,-4.5,-10.9,163637,55.5,-4.9,-10.8,130265,57.4,-5,-11.2,108773,68.8,-4.7,-12.1,,,,,,,,,,,,,,,,,,,186995,59.3,-4.6,-11.1,11,155806,57.9,-4.8,-11.3,103
01/02/2009,Isle of Wight,E06000046,152363,56.5,,-2.7,-13,,121,228073,53.3,-2.6,-12.5,159253,54,-2.7,-12.7,126719,55.8,-2.7,-13.1,105945,67,-2.6,-13.6,,,,,,,,,,,,,,,,,,,182065,57.7,-2.6,-13.9,14,151671,56.3,-2.7,-12.9,107
01/03/2009,Isle of Wight,E06000046,147185,54.6,,-3.4,-14.9,,131,220308,51.5,-3.4,-14.4,153733,52.2,-3.5,-14.9,122125,53.8,-3.6,-15.5,102745,65,-3,-14.7,,,,,,,,,,,,,,,,,,,177792,56.4,-2.3,-15.2,15,146400,54.4,-3.5,-14.8,116
01/04/2009,Isle of Wight,E06000046,151485,56.1,,2.9,-12.6,,158,226059,52.8,2.6,-12.3,158692,53.8,3.2,-12.4,126090,55.6,3.2,-13.3,105501,66.7,2.7,-12.2,,,,,,,,,,,,,,,,,,,183253,58.1,3.1,-13.1,8,150662,56,2.9,-12.5,150
01/05/2009,Isle of Wight,E06000046,153598,56.9,,1.4,-11.2,,186,229209,53.5,1.4,-10.8,161230,54.7,1.6,-11,128202,56.5,1.7,-11.8,106375,67.2,0.8,-11.1,,,,,,,,,,,,,,,,,,,184377,58.5,0.6,-12,17,152844,56.8,1.4,-11.1,169
01/06/2009,Isle of Wight,E06000046,154166,57.1,,0.4,-12.7,,193,230333,53.8,0.5,-12.1,162207,55,0.6,-12.3,128978,56.8,0.6,-13.1,105943,67,-0.4,-13.4,,,,,,,,,,,,,,,,,,,182849,58,-0.8,-14.4,11,153533,57,0.5,-12.6,182
01/07/2009,Isle of Wight,E06000046,155297,57.6,,0.7,-11.9,,214,232662,54.3,1,-11.2,163590,55.5,0.9,-11.7,130056,57.3,0.8,-12.1,105950,67,0,-13.2,,,,,,,,,,,,,,,,,,,182405,57.8,-0.2,-14.1,11,154760,57.5,0.8,-11.8,203
01/08/2009,Isle of Wight,E06000046,153460,56.9,,-1.2,-10.1,,207,230629,53.9,-0.9,-9.1,161631,54.8,-1.2,-9.7,128627,56.7,-1.1,-10,104076,65.8,-1.8,-11.9,,,,,,,,,,,,,,,,,,,178479,56.6,-2.2,-12.3,11,153031,56.8,-1.1,-9.9,196
01/09/2009,Isle of Wight,E06000046,157092,58.2,,2.4,-6.1,,198,236323,55.2,2.5,-5.5,165513,56.2,2.4,-5.5,131717,58,2.4,-5.7,106272,67.2,2.1,-8.2,,,,,,,,,,,,,,,,,,,182512,57.9,2.3,-8,12,156663,58.2,2.4,-5.9,186
01/10/2009,Isle of Wight,E06000046,159591,59.2,,1.6,-1.9,,207,240321,56.1,1.7,-1.3,168294,57.1,1.7,-1.1,133750,58.9,1.5,-1.4,107709,68.1,1.4,-4.5,,,,,,,,,,,,,,,,,,,184427,58.5,1,-4.4,10,159213,59.1,1.6,-1.8,197
01/11/2009,Isle of Wight,E06000046,162751,60.3,,2,-1.2,,201,245649,57.4,2.2,-0.3,171400,58.2,1.8,-0.6,136472,60.1,2,-0.6,109554,69.3,1.7,-4.3,,,,,,,,,,,,,,,,,,,187898,59.6,1.9,-4.7,12,162376,60.3,2,-1,189
01/12/2009,Isle of Wight,E06000046,162178,60.1,,-0.4,-1.3,,332,244109,57,-0.6,-0.4,171205,58.1,-0.1,-0.5,136504,60.2,0,-0.4,108885,68.8,-0.6,-4.6,,,,,,,,,,,,,,,,,,,186554,59.2,-0.7,-4.9,19,161844,60.1,-0.3,-1.1,313
01/01/2010,Isle of Wight,E06000046,162383,60.2,,0.1,3.7,,111,245854,57.4,0.7,5,171159,58.1,0,4.6,136518,60.2,0,4.8,108333,68.5,-0.5,-0.4,,,,,,,,,,,,,,,,,,,183604,58.2,-1.6,-1.8,3,162238,60.3,0.2,4.1,108
01/02/2010,Isle of Wight,E06000046,160503,59.5,,-1.2,5.3,,136,243542,56.9,-0.9,6.8,169664,57.6,-0.9,6.5,134624,59.3,-1.4,6.2,106549,67.4,-1.6,0.6,,,,,,,,,,,,,,,,,,,181353,57.5,-1.2,-0.4,5,160409,59.6,-1.1,5.8,131
01/03/2010,Isle of Wight,E06000046,162803,60.3,,1.4,10.6,,186,248387,58,2,12.7,171729,58.3,1.2,11.7,136021,59.9,1,11.4,107863,68.2,1.2,5,,,,,,,,,,,,,,,,,,,184136,58.4,1.5,3.6,7,162756,60.4,1.5,11.2,179
01/04/2010,Isle of Wight,E06000046,163552,60.6,,0.5,8,,185,248723,58.1,0.1,10,172880,58.7,0.7,8.9,136812,60.3,0.6,8.5,108540,68.6,0.6,2.9,,,,,,,,,,,,,,,,,,,187013,59.3,1.6,2.1,5,163416,60.7,0.4,8.5,180
01/05/2010,Isle of Wight,E06000046,164826,61.1,,0.8,7.3,,164,250618,58.5,0.8,9.3,173893,59,0.6,7.9,137963,60.8,0.8,7.6,109621,69.3,1,3.1,,,,,,,,,,,,,,,,,,,187743,59.5,0.4,1.8,6,164720,61.2,0.8,7.8,158
01/06/2010,Isle of Wight,E06000046,161951,60,,-1.7,5,,235,245946,57.4,-1.9,6.8,171121,58.1,-1.6,5.5,135897,59.9,-1.5,5.4,107464,67.9,-2,1.4,,,,,,,,,,,,,,,,,,,182971,58,-2.5,0.1,16,161910,60.1,-1.7,5.5,219
01/07/2010,Isle of Wight,E06000046,162605,60.3,,0.4,4.7,,219,247924,57.9,0.8,6.6,171783,58.3,0.4,5,136318,60.1,0.3,4.8,107293,67.8,-0.2,1.3,,,,,,,,,,,,,,,,,,,181743,57.6,-0.7,-0.4,13,162650,60.4,0.5,5.1,206
01/08/2010,Isle of Wight,E06000046,163599,60.6,,0.6,6.6,,189,249929,58.4,0.8,8.4,173374,58.8,0.9,7.3,137047,60.4,0.5,6.5,107234,67.8,-0.1,3,,,,,,,,,,,,,,,,,,,182286,57.8,0.3,2.1,9,163669,60.8,0.6,7,180
01/09/2010,Isle of Wight,E06000046,166346,61.7,,1.7,5.9,,193,255280,59.6,2.1,8,176177,59.8,1.6,6.4,139016,61.3,1.4,5.5,108517,68.6,1.2,2.1,,,,,,,,,,,,,,,,,,,185792,58.9,1.9,1.8,12,166398,61.8,1.7,6.2,181
01/10/2010,Isle of Wight,E06000046,165105,61.2,,-0.7,3.5,,198,253296,59.2,-0.8,5.4,174898,59.3,-0.7,3.9,137898,60.8,-0.8,3.1,107797,68.1,-0.7,0.1,,,,,,,,,,,,,,,,,,,187022,59.3,0.7,1.4,9,165043,61.3,-0.8,3.7,189
01/11/2010,Isle of Wight,E06000046,162740,60.3,,-1.4,0,,184,250003,58.4,-1.3,1.8,172016,58.4,-1.6,0.4,135713,59.8,-1.6,-0.6,106467,67.3,-1.2,-2.8,,,,,,,,,,,,,,,,,,,185308,58.8,-0.9,-1.4,9,162637,60.4,-1.5,0.2,175
01/12/2010,Isle of Wight,E06000046,163057,60.4,,0.2,0.5,,193,250072,58.4,0,2.4,172654,58.6,0.4,0.8,136034,60,0.2,-0.3,106698,67.4,0.2,-2,,,,,,,,,,,,,,,,,,,187270,59.4,1.1,0.4,9,162888,60.5,0.2,0.6,184
01/01/2011,Isle of Wight,E06000046,163717,60.7,,0.4,0.8,,123,251464,58.7,0.6,2.3,173224,58.8,0.3,1.2,136465,60.1,0.3,0,107047,67.7,0.3,-1.2,,,,,,,,,,,,,,,,,,,189111,60,1,3,4,163501,60.7,0.4,0.8,119
01/02/2011,Isle of Wight,E06000046,165830,61.5,,1.3,3.3,,143,254341,59.4,1.1,4.4,175519,59.6,1.3,3.5,138463,61,1.5,2.9,108513,68.6,1.4,1.8,,,,,,,,,,,,,,,,,,,192986,61.2,2,6.4,3,165550,61.5,1.3,3.2,140
01/03/2011,Isle of Wight,E06000046,162762,60.3,,-1.8,0,,169,250657,58.5,-1.4,0.9,171791,58.3,-2.1,0,135703,59.8,-2,-0.2,106284,67.2,-2.1,-1.5,,,,,,,,,,,,,,,,,,,190141,60.3,-1.5,3.3,11,162461,60.3,-1.9,-0.2,158
01/04/2011,Isle of Wight,E06000046,160836,59.6,,-1.2,-1.7,,162,247340,57.8,-1.3,-0.6,169749,57.6,-1.2,-1.8,134398,59.2,-1,-1.8,105078,66.4,-1.1,-3.2,,,,,,,,,,,,,,,,,,,188332,59.7,-1,0.7,2,160522,59.6,-1.2,-1.8,160
01/05/2011,Isle of Wight,E06000046,159294,59,,-1,-3.4,,157,244621,57.1,-1.1,-2.4,168188,57.1,-0.9,-3.3,133153,58.7,-0.9,-3.5,104274,65.9,-0.8,-4.9,,,,,,,,,,,,,,,,,,,187244,59.4,-0.6,-0.3,1,158956,59,-1,-3.5,156
01/06/2011,Isle of Wight,E06000046,160803,59.6,,0.9,-0.7,,171,245935,57.4,0.5,0,170312,57.8,1.3,-0.5,134474,59.3,1,-1,105607,66.8,1.3,-1.7,,,,,,,,,,,,,,,,,,,187956,59.6,0.4,2.7,13,160502,59.6,1,-0.9,158
01/07/2011,Isle of Wight,E06000046,161614,59.9,,0.5,-0.6,,208,246683,57.6,0.3,-0.5,171371,58.2,0.6,-0.2,135133,59.6,0.5,-0.9,106402,67.3,0.8,-0.8,,,,,,,,,,,,,,,,,,,188859,59.9,0.5,3.9,9,161313,59.9,0.5,-0.8,199
01/08/2011,Isle of Wight,E06000046,158655,58.8,,-1.8,-3,,232,242899,56.7,-1.5,-2.8,168561,57.2,-1.6,-2.8,132632,58.5,-1.9,-3.2,103574,65.5,-2.7,-3.4,,,,,,,,,,,,,,,,,,,183832,58.3,-2.7,0.8,7,158419,58.8,-1.8,-3.2,225
01/09/2011,Isle of Wight,E06000046,157492,58.4,,-0.7,-5.3,,203,241846,56.5,-0.4,-5.3,167299,56.8,-0.7,-5,131645,58,-0.7,-5.3,102231,64.6,-1.3,-5.8,,,,,,,,,,,,,,,,,,,181658,57.6,-1.2,-2.2,14,157289,58.4,-0.7,-5.5,189
01/10/2011,Isle of Wight,E06000046,157987,58.6,,0.3,-4.3,,216,243691,56.9,0.8,-3.8,167917,57,0.4,-4,131681,58,0,-4.5,101871,64.4,-0.4,-5.5,,,,,,,,,,,,,,,,,,,181584,57.6,0,-2.9,5,157807,58.6,0.3,-4.4,211
01/11/2011,Isle of Wight,E06000046,160202,59.4,,1.4,-1.6,,185,246733,57.6,1.2,-1.3,170229,57.8,1.4,-1,133292,58.7,1.2,-1.8,103848,65.6,1.9,-2.5,,,,,,,,,,,,,,,,,,,185368,58.8,2.1,0,13,159973,59.4,1.4,-1.6,172
01/12/2011,Isle of Wight,E06000046,161385,59.8,,0.7,-1,,208,248353,58,0.7,-0.7,171618,58.2,0.8,-0.6,134090,59.1,0.6,-1.4,104829,66.3,0.9,-1.8,,,,,,,,,,,,,,,,,,,187824,59.6,1.3,0.3,14,161113,59.8,0.7,-1.1,194
01/01/2012,Isle of Wight,E06000046,159401,59.1,,-1.2,-2.6,,178,245036,57.2,-1.3,-2.6,169896,57.7,-1,-1.9,132593,58.4,-1.1,-2.8,103304,65.3,-1.5,-3.5,162237,58.9,,,94,153865,58.2,,,84,130137,59.2,,,187987,58.1,,,185721,58.9,-1.1,-1.8,16,159125,59.1,-1.2,-2.7,162
01/02/2012,Isle of Wight,E06000046,157039,58.2,,-1.5,-5.3,,151,241611,56.4,-1.4,-5,167521,56.8,-1.4,-4.6,130946,57.7,-1.2,-5.4,101208,64,-2,-6.7,158095,57.4,-2.6,,77,149915,56.7,-2.6,,74,126906,57.7,-2.5,,183099,56.6,-2.6,,182505,57.9,-1.7,-5.4,9,156789,58.2,-1.5,-5.3,142
01/03/2012,Isle of Wight,E06000046,157254,58.3,,0.1,-3.4,,221,241025,56.3,-0.2,-3.8,167877,57,0.2,-2.3,131742,58.1,0.6,-2.9,101383,64.1,0.2,-4.6,161492,58.6,2.1,,97,153272,58,2.2,,124,130094,59.2,2.5,,186818,57.7,2,,183761,58.3,0.7,-3.4,13,156931,58.3,0.1,-3.4,208
01/04/2012,Isle of Wight,E06000046,157913,58.5,,0.4,-1.8,,142,242046,56.5,0.4,-2.1,168152,57.1,0.2,-0.9,132202,58.3,0.3,-1.6,102270,64.6,0.9,-2.7,162265,58.9,0.5,,75,153819,58.2,0.4,,67,130669,59.4,0.4,,187580,58,0.4,,184558,58.5,0.4,-2,4,157587,58.5,0.4,-1.8,138
01/05/2012,Isle of Wight,E06000046,162438,60.2,,2.9,2,,210,248753,58.1,2.8,1.7,172808,58.6,2.8,2.7,135981,59.9,2.9,2.1,105531,66.7,3.2,1.2,166954,60.6,2.9,,103,158188,59.8,2.8,,107,134484,61.1,2.9,,192903,59.6,2.8,,190167,60.3,3,1.6,22,162081,60.2,2.9,2,188
01/06/2012,Isle of Wight,E06000046,163093,60.5,,0.4,1.4,,165,250382,58.5,0.7,1.8,173304,58.8,0.3,1.8,136509,60.2,0.4,1.5,105666,66.8,0.1,0.1,167668,60.8,0.4,,80,158785,60.1,0.4,,85,134728,61.3,0.2,,193898,59.9,0.5,,189576,60.1,-0.3,0.9,16,162824,60.5,0.5,1.4,149
01/07/2012,Isle of Wight,E06000046,164715,61.1,,1,1.9,,206,252734,59,0.9,2.5,175139,59.4,1.1,2.2,138171,60.9,1.2,2.2,106448,67.3,0.7,0,169272,61.4,1,,117,160427,60.7,1,,89,136043,61.9,1,,195845,60.5,1,,189639,60.1,0,0.4,11,164566,61.1,1.1,2,195
01/08/2012,Isle of Wight,E06000046,164318,60.9,,-0.2,3.6,,216,252342,58.9,-0.2,3.9,174908,59.4,-0.1,3.8,138144,60.9,0,4.2,105576,66.7,-0.8,1.9,168783,61.2,-0.3,,116,160120,60.6,-0.2,,100,135619,61.7,-0.3,,195443,60.4,-0.2,,187635,59.5,-1.1,2.1,13,164273,61,-0.2,3.7,203
01/09/2012,Isle of Wight,E06000046,162975,60.4,,-0.8,3.5,,150,250626,58.5,-0.7,3.6,173508,58.9,-0.8,3.7,136916,60.3,-0.9,4,104508,66.1,-1,2.2,167386,60.7,-0.8,,87,158830,60.1,-0.8,,63,134496,61.2,-0.8,,193857,59.9,-0.8,,185478,58.8,-1.1,2.1,16,162972,60.5,-0.8,3.6,134
01/10/2012,Isle of Wight,E06000046,161065,59.7,,-1.2,1.9,,187,247752,57.9,-1.1,1.7,171521,58.2,-1.1,2.1,135246,59.6,-1.2,2.7,103254,65.3,-1.2,1.4,165420,60,-1.2,,108,156974,59.4,-1.2,,79,132955,60.5,-1.1,,191560,59.2,-1.2,,185549,58.8,0,2.2,7,160912,59.8,-1.3,2,180
01/11/2012,Isle of Wight,E06000046,158444,58.7,,-1.6,-1.1,,186,243629,56.9,-1.7,-1.3,168674,57.2,-1.7,-0.9,133086,58.7,-1.6,-0.2,101657,64.3,-1.5,-2.1,162740,59,-1.6,,99,154407,58.4,-1.6,,87,130870,59.5,-1.6,,188385,58.2,-1.7,,184742,58.6,-0.4,-0.3,18,158147,58.7,-1.7,-1.1,168
01/12/2012,Isle of Wight,E06000046,157351,58.3,,-0.7,-2.5,,204,242129,56.6,-0.6,-2.5,167572,56.9,-0.7,-2.4,132156,58.2,-0.7,-1.4,100770,63.7,-0.9,-3.9,161581,58.6,-0.7,,87,153377,58,-0.7,,117,129936,59.1,-0.7,,187107,57.8,-0.7,,185380,58.8,0.3,-1.3,28,156929,58.3,-0.8,-2.6,176
01/01/2013,Isle of Wight,E06000046,157444,58.4,,0.1,-1.2,,149,242318,56.6,0.1,-1.1,168061,57,0.3,-1.1,132182,58.3,0,-0.3,100494,63.5,-0.3,-2.7,161665,58.6,0.1,-0.4,76,153479,58.1,0.1,-0.3,73,129935,59.1,0,-0.2,187274,57.9,0.1,-0.4,184068,58.4,-0.7,-0.9,14,157116,58.4,0.1,-1.3,135
01/02/2013,Isle of Wight,E06000046,159080,59,,1,1.3,,152,245069,57.2,1.1,1.4,169848,57.6,1.1,1.4,133433,58.8,0.9,1.9,101434,64.1,0.9,0.2,163370,59.3,1.1,3.3,68,155051,58.6,1,3.4,84,131222,59.7,1,3.4,189269,58.5,1.1,3.4,184512,58.5,0.2,1.1,11,158844,59,1.1,1.3,141
01/03/2013,Isle of Wight,E06000046,156189,57.9,,-1.8,-0.7,,144,240588,56.2,-1.8,-0.2,166778,56.6,-1.8,-0.7,130923,57.7,-1.9,-0.6,99685,63,-1.7,-1.7,160469,58.2,-1.8,-0.6,82,152172,57.6,-1.9,-0.7,62,128850,58.6,-1.8,-1,185822,57.4,-1.8,-0.5,181026,57.4,-1.9,-1.5,12,155961,57.9,-1.8,-0.6,132
01/04/2013,Isle of Wight,E06000046,154652,57.3,,-1,-2.1,,173,238225,55.6,-1,-1.6,164947,56,-1.1,-1.9,129847,57.2,-0.8,-1.8,98683,62.4,-1,-3.5,158863,57.6,-1,-2.1,95,150705,57,-1,-2,78,127625,58,-1,-2.3,183962,56.8,-1,-1.9,180720,57.3,-0.2,-2.1,18,154325,57.3,-1,-2.1,155
01/05/2013,Isle of Wight,E06000046,154864,57.4,,0.1,-4.7,,245,238128,55.6,0,-4.3,165257,56.1,0.2,-4.4,130052,57.3,0.2,-4.4,99070,62.6,0.4,-6.1,159071,57.7,0.1,-4.7,120,150923,57.1,0.1,-4.6,125,127836,58.1,0.2,-4.9,184188,56.9,0.1,-4.5,181744,57.6,0.6,-4.4,15,154482,57.4,0.1,-4.7,230
01/06/2013,Isle of Wight,E06000046,159026,58.9,,2.7,-2.5,,185,244153,57,2.5,-2.5,169948,57.7,2.8,-1.9,133777,59,2.9,-2,101614,64.2,2.6,-3.8,163303,59.2,2.7,-2.6,94,155028,58.6,2.7,-2.4,91,131284,59.7,2.7,-2.6,189129,58.4,2.7,-2.5,185781,58.9,2.2,-2,28,158691,58.9,2.7,-2.5,157
01/07/2013,Isle of Wight,E06000046,162469,60.2,,2.2,-1.4,,218,249151,58.2,2,-1.4,173605,58.9,2.2,-0.9,136837,60.3,2.3,-1,103929,65.7,2.3,-2.4,166869,60.5,2.2,-1.4,129,158349,59.9,2.1,-1.3,89,134167,61,2.2,-1.4,193194,59.7,2.1,-1.4,188712,59.8,1.6,-0.5,16,162203,60.2,2.2,-1.4,202
01/08/2013,Isle of Wight,E06000046,162768,60.3,,0.2,-0.9,,264,250038,58.4,0.4,-0.9,174083,59.1,0.3,-0.5,137086,60.4,0.2,-0.8,103622,65.5,-0.3,-1.9,167170,60.6,0.2,-1,148,158647,60,0.2,-0.9,116,134276,61.1,0.1,-1,193649,59.8,0.2,-0.9,188043,59.6,-0.4,0.2,19,162571,60.4,0.2,-1,245
01/09/2013,Isle of Wight,E06000046,162580,60.3,,-0.1,-0.2,,206,250543,58.5,0.2,0,173555,58.9,-0.3,0,136665,60.2,-0.3,-0.2,103371,65.3,-0.2,-1.1,167060,60.6,-0.1,-0.2,119,158368,59.9,-0.2,-0.3,87,133987,60.9,-0.2,-0.4,193523,59.8,-0.1,-0.2,188174,59.7,0.1,1.5,21,162360,60.3,-0.1,-0.4,185
01/10/2013,Isle of Wight,E06000046,162078,60.1,,-0.3,0.6,,249,250662,58.6,0,1.2,172989,58.7,-0.3,0.9,135896,59.9,-0.6,0.5,102653,64.9,-0.7,-0.6,166536,60.4,-0.3,0.7,140,157890,59.7,-0.3,0.6,109,133427,60.7,-0.4,0.4,193032,59.6,-0.3,0.8,188456,59.8,0.1,1.6,9,161799,60.1,-0.3,0.6,240
01/11/2013,Isle of Wight,E06000046,163935,60.8,,1.1,3.5,,295,253811,59.3,1.3,4.2,174871,59.3,1.1,3.7,137260,60.5,1,3.1,103861,65.7,1.2,2.2,168489,61.1,1.2,3.5,176,159647,60.4,1.1,3.4,119,134933,61.4,1.1,3.1,195260,60.3,1.2,3.6,191834,60.8,1.8,3.8,15,163568,60.7,1.1,3.4,280
01/12/2013,Isle of Wight,E06000046,164938,61.1,,0.6,4.8,,270,254547,59.5,0.3,5.1,176301,59.8,0.8,5.2,138124,60.9,0.6,4.5,104827,66.3,0.9,4,169446,61.5,0.6,4.9,159,160707,60.8,0.7,4.8,111,135919,61.8,0.7,4.6,196338,60.7,0.6,4.9,194004,61.5,1.1,4.7,27,164501,61.1,0.6,4.8,243
01/01/2014,Isle of Wight,E06000046,165239,61.2,,0.2,5,,223,254926,59.5,0.1,5.2,176572,59.9,0.2,5.1,138331,61,0.1,4.7,105175,66.5,0.3,4.7,169763,61.6,0.2,5,113,160992,60.9,0.2,4.9,110,136229,61.9,0.2,4.8,196651,60.8,0.2,5,194415,61.6,0.2,5.6,16,164797,61.2,0.2,4.9,207
01/02/2014,Isle of Wight,E06000046,164220,60.9,,-0.6,3.2,,212,253639,59.2,-0.5,3.5,175348,59.5,-0.7,3.2,137489,60.6,-0.6,3,104431,66,-0.7,3,168661,61.2,-0.6,3.2,122,160066,60.5,-0.6,3.2,90,135437,61.6,-0.6,3.2,195405,60.4,-0.6,3.2,194017,61.5,-0.2,5.2,17,163732,60.8,-0.6,3.1,195
01/03/2014,Isle of Wight,E06000046,164745,61.1,,0.3,5.5,,263,255110,59.6,0.6,6,175926,59.7,0.3,5.5,137861,60.8,0.3,5.3,104253,65.9,-0.2,4.6,169216,61.4,0.3,5.5,149,160561,60.7,0.3,5.5,114,135774,61.7,0.2,5.4,196096,60.6,0.4,5.5,194338,61.6,0.2,7.4,22,164280,61,0.3,5.3,241
01/04/2014,Isle of Wight,E06000046,166354,61.7,,1,7.6,,254,257170,60.1,0.8,8,177815,60.3,1.1,7.8,139591,61.5,1.3,7.5,105112,66.4,0.8,6.5,170801,62,0.9,7.5,133,162207,61.4,1,7.6,121,137164,62.4,1,7.5,197962,61.2,1,7.6,197233,62.5,1.5,9.1,18,165822,61.6,0.9,7.5,236
01/05/2014,Isle of Wight,E06000046,169578,62.9,,1.9,9.5,,255,261525,61.1,1.7,9.8,181340,61.5,2,9.7,142590,62.8,2.1,9.6,107274,67.8,2.1,8.3,174093,63.2,1.9,9.4,129,165374,62.6,2,9.6,126,139865,63.6,2,9.4,201768,62.3,1.9,9.5,201719,64,2.3,11,18,168996,62.8,1.9,9.4,237
01/06/2014,Isle of Wight,E06000046,172772,64,,1.9,8.6,,238,266270,62.2,1.8,9.1,184754,62.7,1.9,8.7,145413,64.1,2,8.7,109303,69.1,1.9,7.6,177341,64.3,1.9,8.6,121,168526,63.7,1.9,8.7,117,142561,64.8,1.9,8.6,205522,63.5,1.9,8.7,205200,65.1,1.7,10.5,25,172198,64,1.9,8.5,213
01/07/2014,Isle of Wight,E06000046,170026,63,,-1.6,4.7,,294,262343,61.3,-1.5,5.3,181813,61.7,-1.6,4.7,143080,63.1,-1.6,4.6,107381,67.9,-1.8,3.3,174510,63.3,-1.6,4.6,163,165862,62.7,-1.6,4.7,131,140269,63.8,-1.6,4.5,202275,62.5,-1.6,4.7,200884,63.7,-2.1,6.4,14,169527,63,-1.6,4.5,280
01/08/2014,Isle of Wight,E06000046,168167,62.3,,-1.1,3.3,,293,260076,60.8,-0.9,4,179873,61,-1.1,3.3,141393,62.3,-1.2,3.1,105865,66.9,-1.4,2.2,172570,62.6,-1.1,3.2,162,164085,62.1,-1.1,3.4,131,138668,63.1,-1.1,3.3,200113,61.8,-1.1,3.3,196462,62.3,-2.2,4.5,20,167812,62.3,-1,3.2,273
01/09/2014,Isle of Wight,E06000046,168217,62.4,,0,3.5,,270,260427,60.8,0.1,3.9,179824,61,0,3.6,141395,62.3,0,3.5,105822,66.9,0,2.4,172641,62.6,0,3.3,160,164113,62.1,0,3.6,110,138683,63.1,0,3.5,200193,61.9,0,3.4,195173,61.9,-0.7,3.7,21,167947,62.4,0.1,3.4,249
01/10/2014,Isle of Wight,E06000046,171618,63.6,,2,5.9,,263,265750,62.1,2,6,183413,62.2,2,6,143958,63.4,1.8,5.9,108205,68.4,2.3,5.4,176151,63.9,2,5.8,159,167406,63.3,2,6,104,141503,64.3,2,6.1,204229,63.1,2,5.8,198913,63.1,1.9,5.5,20,171356,63.6,2,5.9,243
01/11/2014,Isle of Wight,E06000046,171111,63.4,,-0.3,4.4,,274,265136,61.9,-0.2,4.5,182896,62.1,-0.3,4.6,143280,63.1,-0.5,4.4,107962,68.2,-0.2,3.9,175671,63.7,-0.3,4.3,158,166863,63.1,-0.3,4.5,116,141092,64.2,-0.3,4.6,203618,62.9,-0.3,4.3,198215,62.8,-0.4,3.3,6,170856,63.5,-0.3,4.5,268
01/12/2014,Isle of Wight,E06000046,170428,63.2,,-0.4,3.3,,253,264284,61.7,-0.3,3.8,182170,61.8,-0.4,3.3,142523,62.8,-0.5,3.2,107544,68,-0.4,2.6,174981,63.5,-0.4,3.3,146,166184,62.9,-0.4,3.4,107,140483,63.9,-0.4,3.4,202841,62.7,-0.4,3.3,198722,63,0.3,2.4,19,170093,63.2,-0.4,3.4,234
01/01/2015,Isle of Wight,E06000046,169220,62.7,,-0.7,2.4,,221,262471,61.3,-0.7,3,181045,61.4,-0.6,2.5,141484,62.4,-0.7,2.3,106643,67.4,-0.8,1.4,173773,63,-0.7,2.4,140,164968,62.4,-0.7,2.5,81,139415,63.4,-0.8,2.3,201457,62.2,-0.7,2.4,198587,63,-0.1,2.1,10,168807,62.7,-0.8,2.4,211
01/02/2015,Isle of Wight,E06000046,167877,62.2,,-0.8,2.2,,203,260237,60.8,-0.9,2.6,179516,60.9,-0.8,2.4,140340,61.8,-0.8,2.1,105997,67,-0.6,1.5,172433,62.6,-0.8,2.2,119,163614,61.9,-0.8,2.2,84,138259,62.9,-0.8,2.1,199897,61.8,-0.8,2.3,199120,63.1,0.3,2.6,11,167349,62.2,-0.9,2.2,192
01/03/2015,Isle of Wight,E06000046,163876,60.7,,-2.4,-0.5,,230,254417,59.4,-2.2,-0.3,175274,59.5,-2.4,-0.4,136661,60.2,-2.6,-0.9,103458,65.4,-2.4,-0.8,168383,61.1,-2.3,-0.5,130,159644,60.4,-2.4,-0.6,100,134828,61.3,-2.5,-0.7,195236,60.3,-2.3,-0.4,195195,61.9,-2,0.4,15,163325,60.7,-2.4,-0.6,215
01/04/2015,Isle of Wight,E06000046,165493,61.3,,1,-0.5,,199,257258,60.1,1.1,0,176818,60,0.9,-0.6,138075,60.9,1,-1.1,104325,65.9,0.8,-0.7,170051,61.7,1,-0.4,106,161212,61,1,-0.6,93,136121,61.9,1,-0.8,197192,60.9,1,-0.4,197048,62.5,0.9,-0.1,14,164939,61.3,1,-0.5,185
01/05/2015,Isle of Wight,E06000046,168935,62.6,,2.1,-0.4,,247,262538,61.3,2.1,0.4,180607,61.3,2.1,-0.4,140938,62.1,2.1,-1.2,106465,67.3,2.1,-0.8,173556,63,2.1,-0.3,129,164603,62.3,2.1,-0.5,118,138981,63.2,2.1,-0.6,201272,62.2,2.1,-0.2,200132,63.5,1.6,-0.8,10,168395,62.5,2.1,-0.4,237
01/06/2015,Isle of Wight,E06000046,172859,64.1,,2.3,0,,288,268428,62.7,2.2,0.8,184983,62.8,2.4,0.1,144704,63.8,2.7,-0.5,108516,68.6,1.9,-0.7,177505,64.4,2.3,0.1,154,168518,63.7,2.4,0,134,142248,64.7,2.4,-0.2,205915,63.6,2.3,0.2,202755,64.3,1.3,-1.2,28,172357,64,2.4,0.1,260
01/07/2015,Isle of Wight,E06000046,173447,64.3,,0.3,2,,307,269208,62.9,0.3,2.6,185795,63,0.4,2.2,145197,64,0.3,1.5,108837,68.8,0.3,1.4,178081,64.6,0.3,2,184,169124,64,0.4,2,123,142715,64.9,0.3,1.7,206630,63.8,0.3,2.2,202525,64.2,-0.1,0.8,27,172967,64.2,0.4,2,280
01/08/2015,Isle of Wight,E06000046,176204,65.3,,1.6,4.8,,274,273993,64,1.8,5.4,188700,64,1.6,4.9,147542,65,1.6,4.3,110191,69.7,1.2,4.1,180941,65.6,1.6,4.9,151,171779,65,1.6,4.7,123,144870,65.9,1.5,4.5,210004,64.9,1.6,4.9,204617,64.9,1,4.2,19,175745,65.3,1.6,4.7,255
01/09/2015,Isle of Wight,E06000046,178374,66.1,,1.2,6,,279,278133,65,1.5,6.8,190626,64.7,1,6,148941,65.6,0.9,5.3,111657,70.6,1.3,5.5,183267,66.5,1.3,6.2,144,173782,65.7,1.2,5.9,135,146524,66.6,1.1,5.7,212693,65.7,1.3,6.2,206938,65.6,1.1,6,20,177914,66.1,1.2,5.9,259
01/10/2015,Isle of Wight,E06000046,179453,66.5,,0.6,4.6,,302,280358,65.5,0.8,5.5,191604,65,0.5,4.5,149792,66,0.6,4.1,112113,70.9,0.4,3.6,184441,66.9,0.6,4.7,179,174760,66.1,0.6,4.4,123,147392,67,0.6,4.2,213996,66.1,0.6,4.8,208152,66,0.6,4.6,18,178992,66.5,0.6,4.5,284
01/11/2015,Isle of Wight,E06000046,179148,66.4,,-0.2,4.7,,289,280180,65.4,-0.1,5.7,191289,64.9,-0.2,4.6,149397,65.8,-0.3,4.3,111808,70.7,-0.3,3.6,184153,66.8,-0.2,4.8,156,174434,66,-0.2,4.5,133,147093,66.9,-0.2,4.3,213669,66,-0.2,4.9,207922,65.9,-0.1,4.9,7,178684,66.4,-0.2,4.6,282
01/12/2015,Isle of Wight,E06000046,179414,66.5,,0.1,5.3,,267,280681,65.6,0.2,6.2,191822,65.1,0.3,5.3,149684,66,0.2,5,111649,70.6,-0.1,3.8,184378,66.9,0.1,5.4,146,174748,66.1,0.2,5.2,120,147335,67,0.2,4.9,213968,66.1,0.1,5.5,210384,66.7,1.2,5.9,8,178895,66.4,0.1,5.2,259
01/01/2016,Isle of Wight,E06000046,180736,67,,0.7,6.8,,201,282420,66,0.6,7.6,193675,65.7,1,7,150610,66.4,0.6,6.5,112510,71.1,0.8,5.5,185672,67.4,0.7,6.8,130,176108,66.6,0.8,6.8,71,148395,67.5,0.7,6.4,215564,66.6,0.7,7,212496,67.4,1,7,8,180199,66.9,0.7,6.7,193
01/02/2016,Isle of Wight,E06000046,180123,66.8,,-0.3,7.3,,254,281420,65.7,-0.4,8.1,193225,65.6,-0.2,7.6,150077,66.1,-0.4,6.9,112009,70.8,-0.4,5.7,184988,67.1,-0.4,7.3,143,175573,66.4,-0.3,7.3,111,147943,67.3,-0.3,7,214792,66.4,-0.4,7.5,211588,67.1,-0.4,6.3,5,179592,66.7,-0.3,7.3,249
01/03/2016,Isle of Wight,E06000046,181544,67.3,,0.8,10.8,,527,283574,66.2,0.8,11.5,194548,66,0.7,11,150986,66.5,0.6,10.5,113346,71.7,1.2,9.6,186516,67.7,0.8,10.8,342,176880,66.9,0.7,10.8,182,149097,67.8,0.8,10.6,216497,66.9,0.8,10.9,209749,66.5,-0.9,7.5,38,181099,67.3,0.8,10.9,489
01/04/2016,Isle of Wight,E06000046,180963,67.1,,-0.3,9.3,,172,282834,66.1,-0.3,9.9,193593,65.7,-0.5,9.5,150742,66.4,-0.2,9.2,112926,71.4,-0.4,8.2,185896,67.4,-0.3,9.3,90,176342,66.7,-0.3,9.4,82,148714,67.6,-0.3,9.3,215731,66.7,-0.4,9.4,211084,66.9,0.6,7.1,8,180470,67,-0.3,9.4,164
01/05/2016,Isle of Wight,E06000046,181400,67.2,,0.2,7.4,,213,282523,66,-0.1,7.6,193822,65.8,0.1,7.3,151559,66.8,0.5,7.5,113757,71.9,0.7,6.8,186334,67.6,0.2,7.4,103,176779,66.9,0.2,7.4,110,149377,67.9,0.4,7.5,216011,66.7,0.1,7.3,216521,68.7,2.6,8.2,11,180783,67.1,0.2,7.4,202
01/06/2016,Isle of Wight,E06000046,180246,66.8,,-0.6,4.3,,226,280672,65.6,-0.7,4.6,192524,65.3,-0.7,4.1,150906,66.5,-0.4,4.3,112857,71.3,-0.8,4,185094,67.1,-0.7,4.3,135,175716,66.5,-0.6,4.3,91,148519,67.5,-0.6,4.4,214563,66.3,-0.7,4.2,218519,69.3,0.9,7.8,17,179547,66.7,-0.7,4.2,209
01/07/2016,Isle of Wight,E06000046,182347,67.6,,1.2,5.1,,301,283628,66.3,1.1,5.4,194814,66.1,1.2,4.9,152733,67.3,1.2,5.2,114316,72.3,1.3,5,187253,67.9,1.2,5.2,162,177764,67.2,1.2,5.1,139,150246,68.3,1.2,5.3,217068,67.1,1.2,5.1,219530,69.6,0.5,8.4,10,181678,67.5,1.2,5,291
01/08/2016,Isle of Wight,E06000046,184647,68.4,,1.3,4.8,,268,287686,67.2,1.4,5,197253,66.9,1.3,4.5,154470,68.1,1.1,4.7,115568,73.1,1.1,4.9,189629,68.8,1.3,4.8,159,179988,68.1,1.3,4.8,109,151992,69.1,1.2,4.9,219923,67.9,1.3,4.7,218659,69.3,-0.4,6.9,13,184058,68.4,1.3,4.7,255
01/09/2016,Isle of Wight,E06000046,185985,68.9,,0.7,4.3,,275,289607,67.6,0.7,4.1,198915,67.5,0.8,4.3,155402,68.5,0.6,4.3,116500,73.6,0.8,4.3,191004,69.3,0.7,4.2,156,181293,68.6,0.7,4.3,119,153064,69.6,0.7,4.5,221540,68.4,0.7,4.2,219845,69.7,0.5,6.2,4,185403,68.9,0.7,4.2,271
01/10/2016,Isle of Wight,E06000046,182998,67.8,,-1.6,2,,254,285442,66.7,-1.4,1.8,195555,66.4,-1.7,2.1,152309,67.1,-2,1.7,114916,72.6,-1.4,2.5,188061,68.2,-1.5,2,147,178239,67.4,-1.7,2,107,150560,68.5,-1.6,2.1,218019,67.4,-1.6,1.9,217096,68.8,-1.3,4.3,16,182405,67.7,-1.6,1.9,238
01/11/2016,Isle of Wight,E06000046,181727,67.4,,-0.7,1.4,,239,284521,66.5,-0.3,1.5,194046,65.8,-0.8,1.4,150524,66.3,-1.2,0.8,114075,72.1,-0.7,2,186879,67.8,-0.6,1.5,141,176861,66.9,-0.8,1.4,98,149332,67.9,-0.8,1.5,216650,66.9,-0.6,1.4,216757,68.7,-0.2,4.2,15,181109,67.3,-0.7,1.4,224
01/12/2016,Isle of Wight,E06000046,180757,67,,-0.5,0.7,,262,283300,66.2,-0.4,0.9,192755,65.4,-0.7,0.5,149549,65.9,-0.6,-0.1,113602,71.8,-0.4,1.7,185916,67.4,-0.5,0.8,160,175877,66.5,-0.6,0.6,102,148569,67.6,-0.5,0.8,215465,66.6,-0.5,0.7,216743,68.7,0,3,16,180114,66.9,-0.5,0.7,246
01/01/2017,Isle of Wight,E06000046,184483,68.4,,2.1,2.1,,221,289401,67.6,2.2,2.5,196712,66.8,2.1,1.6,152666,67.3,2.1,1.4,115730,73.2,1.9,2.9,189727,68.8,2,2.2,135,179526,67.9,2.1,1.9,86,151603,68.9,2,2.2,219930,67.9,2.1,2,222748,70.6,2.8,4.8,9,183789,68.3,2,2,212
01/02/2017,Isle of Wight,E06000046,184762,68.5,,0.2,2.6,,202,289053,67.5,-0.1,2.7,196610,66.7,-0.1,1.8,153033,67.4,0.2,2,116583,73.7,0.7,4.1,190013,68.9,0.2,2.7,100,179793,68,0.1,2.4,102,152121,69.2,0.3,2.8,219994,68,0,2.4,224292,71.1,0.7,6,6,184039,68.4,0.1,2.5,196
01/03/2017,Isle of Wight,E06000046,187110,69.4,,1.3,3.1,,230,292880,68.4,1.3,3.3,199106,67.6,1.3,2.3,154719,68.2,1.1,2.5,118124,74.7,1.3,4.2,192449,69.8,1.3,3.2,135,182052,68.9,1.3,2.9,95,154022,70,1.2,3.3,222811,68.8,1.3,2.9,227935,72.3,1.6,8.7,12,186359,69.2,1.3,2.9,218
01/04/2017,Isle of Wight,E06000046,187604,69.5,,0.3,3.7,,212,293369,68.5,0.2,3.7,199428,67.7,0.2,3,155105,68.4,0.2,2.9,118780,75.1,0.6,5.2,192934,70,0.3,3.8,110,182563,69.1,0.3,3.5,102,154534,70.3,0.3,3.9,223299,69,0.2,3.5,227170,72,-0.3,7.6,6,186888,69.4,0.3,3.6,206
01/05/2017,Isle of Wight,E06000046,189118,70.1,,0.8,4.3,,205,295296,69,0.7,4.5,201479,68.4,1,4,156262,68.9,0.7,3.1,119787,75.7,0.8,5.3,194434,70.5,0.8,4.3,126,184110,69.6,0.8,4.1,79,155837,70.9,0.8,4.3,225048,69.5,0.8,4.2,228457,72.4,0.6,5.5,13,188411,70,0.8,4.2,192
01/06/2017,Isle of Wight,E06000046,189158,70.1,,0,4.9,,314,294728,68.8,-0.2,5,201436,68.4,0,4.6,156564,69,0.2,3.7,120091,75.9,0.3,6.4,194461,70.5,0,5.1,175,184166,69.7,0,4.8,139,155980,70.9,0.1,5,224991,69.5,0,4.9,227419,72.1,-0.5,4.1,27,188480,70,0,5,287
01/07/2017,Isle of Wight,E06000046,189639,70.3,,0.3,4,,306,295050,68.9,0.1,4,202065,68.6,0.3,3.7,156934,69.2,0.2,2.8,120614,76.2,0.4,5.5,194994,70.7,0.3,4.1,165,184584,69.8,0.2,3.8,141,156469,71.1,0.3,4.1,225473,69.7,0.2,3.9,228064,72.3,0.3,3.9,9,188957,70.2,0.3,4,297
01/08/2017,Isle of Wight,E06000046,190669,70.7,,0.5,3.3,,309,296938,69.4,0.6,3.2,203085,68.9,0.5,3,158049,69.7,0.7,2.3,120946,76.5,0.3,4.7,196085,71.1,0.6,3.4,161,185546,70.2,0.5,3.1,148,157131,71.4,0.4,3.4,226877,70.1,0.6,3.2,228138,72.3,0,4.3,16,190015,70.6,0.6,3.2,293
01/09/2017,Isle of Wight,E06000046,191613,71,,0.5,3,,309,298837,69.8,0.6,3.2,204256,69.3,0.6,2.7,158767,70,0.5,2.2,121197,76.6,0.2,4,197069,71.5,0.5,3.2,172,186450,70.5,0.5,2.8,137,157797,71.7,0.4,3.1,228109,70.5,0.5,3,229445,72.8,0.6,4.4,24,190952,70.9,0.5,3,285
01/10/2017,Isle of Wight,E06000046,192989,71.5,,0.7,5.5,,298,301612,70.5,0.9,5.7,206086,69.9,0.9,5.4,159836,70.4,0.7,4.9,121452,76.8,0.2,5.7,198442,72,0.7,5.5,178,187842,71,0.7,5.4,119,158682,72.2,0.6,5.4,229983,71.1,0.8,5.5,231200,73.3,0.8,6.5,11,192320,71.4,0.7,5.4,287
01/11/2017,Isle of Wight,E06000046,192958,71.5,,0,6.2,,320,301775,70.5,0.1,6.1,206278,70,0.1,6.3,159635,70.4,-0.1,6.1,121263,76.7,-0.2,6.3,198391,72,0,6.2,178,187836,71,0,6.2,142,158657,72.1,0,6.2,229945,71,0,6.1,231150,73.3,0,6.6,25,192289,71.4,0,6.2,295
01/12/2017,Isle of Wight,E06000046,193534,71.7,,0.3,7.1,,255,302658,70.7,0.3,6.8,207061,70.3,0.4,7.4,160077,70.5,0.3,7,121544,76.8,0.2,7,198953,72.2,0.3,7,132,188435,71.3,0.3,7.1,123,159135,72.4,0.3,7.1,230627,71.3,0.3,7,231692,73.5,0.2,6.9,18,192867,71.6,0.3,7.1,237
01/01/2018,Isle of Wight,E06000046,191506,71,,-1,3.8,,179,299314,69.9,-1.1,3.4,204958,69.5,-1,4.2,158370,69.8,-1.1,3.7,120360,76.1,-1,4,196866,71.4,-1,3.8,98,186465,70.5,-1,3.9,81,157529,71.6,-1,3.9,228153,70.5,-1.1,3.7,230950,73.2,-0.3,3.7,3,190802,70.9,-1.1,3.8,176
01/02/2018,Isle of Wight,E06000046,192794,71.5,,0.7,4.3,,182,301469,70.4,0.7,4.3,206472,70.1,0.7,5,159620,70.3,0.8,4.3,120857,76.4,0.4,3.7,198105,71.9,0.6,4.3,100,187822,71,0.7,4.5,82,158551,72.1,0.6,4.2,229711,71,0.7,4.4,237797,75.4,3,6,7,191897,71.3,0.6,4.3,175
01/03/2018,Isle of Wight,E06000046,191782,71.1,,-0.5,2.5,,230,300058,70.1,-0.5,2.5,205593,69.8,-0.4,3.3,158920,70,-0.4,2.7,119871,75.8,-0.8,1.5,197027,71.5,-0.5,2.4,128,186885,70.7,-0.5,2.7,102,157734,71.7,-0.5,2.4,228485,70.6,-0.5,2.5,238018,75.5,0.1,4.4,15,190867,70.9,-0.5,2.4,215
01/04/2018,Isle of Wight,E06000046,192956,71.5,,0.6,2.9,,183,302042,70.6,0.7,3,207022,70.2,0.7,3.8,160276,70.6,0.9,3.3,120119,75.9,0.2,1.1,198163,71.9,0.6,2.7,107,188114,71.2,0.7,3,76,158683,72.2,0.6,2.7,229902,71,0.6,3,239237,75.9,0.5,5.3,4,192046,71.3,0.6,2.8,179
01/05/2018,Isle of Wight,E06000046,192505,71.4,,-0.2,1.8,,222,301822,70.5,-0.1,2.2,206765,70.2,-0.1,2.6,159874,70.5,-0.3,2.3,119371,75.5,-0.6,-0.3,197698,71.7,-0.2,1.7,113,187676,71,-0.2,1.9,109,158149,71.9,-0.3,1.5,229548,70.9,-0.2,2,234289,74.3,-2.1,2.6,12,191797,71.2,-0.1,1.8,210
01/06/2018,Isle of Wight,E06000046,194622,72.1,,1.1,2.9,,282,304883,71.2,1,3.4,209295,71,1.2,3.9,161511,71.2,1,3.2,120756,76.3,1.2,0.6,199847,72.5,1.1,2.8,146,189771,71.8,1.1,3,136,159847,72.7,1.1,2.5,232119,71.7,1.1,3.2,236040,74.8,0.7,3.8,19,193944,72,1.1,2.9,263
01/07/2018,Isle of Wight,E06000046,195199,72.4,,0.3,2.9,,292,306262,71.5,0.5,3.8,209861,71.2,0.3,3.9,161839,71.3,0.2,3.1,120941,76.5,0.2,0.3,200462,72.7,0.3,2.8,153,190306,72,0.3,3.1,139,160165,72.8,0.2,2.4,232983,72,0.4,3.3,235625,74.7,-0.2,3.3,11,194570,72.3,0.3,3,281
01/08/2018,Isle of Wight,E06000046,197544,73.2,,1.2,3.6,,300,309777,72.4,1.1,4.3,212335,72.1,1.2,4.6,164043,72.3,1.4,3.8,122359,77.3,1.2,1.2,202888,73.6,1.2,3.5,162,192571,72.8,1.2,3.8,138,162136,73.7,1.2,3.2,235730,72.8,1.2,3.9,239779,76,1.8,5.1,8,196847,73.1,1.2,3.6,292
01/09/2018,Isle of Wight,E06000046,198397,73.5,,0.4,3.5,,227,311582,72.8,0.6,4.3,213284,72.4,0.4,4.4,164858,72.7,0.5,3.8,122481,77.4,0.1,1.1,203778,73.9,0.4,3.4,124,193386,73.1,0.4,3.7,103,162724,74,0.4,3.1,236874,73.2,0.5,3.8,240502,76.3,0.3,4.8,9,197711,73.4,0.4,3.5,218
01/10/2018,Isle of Wight,E06000046,198480,73.6,,0,2.8,,265,311532,72.8,0,3.3,213362,72.4,0,3.5,164804,72.6,0,3.1,122744,77.6,0.2,1.1,203887,74,0.1,2.7,148,193438,73.2,0,3,117,162926,74.1,0.1,2.7,236821,73.2,0,3,241817,76.7,0.5,4.6,8,197738,73.4,0,2.8,257
01/11/2018,Isle of Wight,E06000046,199082,73.8,,0.3,3.2,,240,313195,73.2,0.5,3.8,214157,72.7,0.4,3.8,164930,72.7,0.1,3.3,122793,77.6,0,1.3,204487,74.2,0.3,3.1,137,194045,73.4,0.3,3.3,103,163276,74.2,0.2,2.9,237702,73.4,0.4,3.4,240068,76.1,-0.7,3.9,5,198453,73.7,0.4,3.2,235
01/12/2018,Isle of Wight,E06000046,199866,74.1,,0.4,3.3,,249,314209,73.4,0.3,3.8,214939,72.9,0.4,3.8,165355,72.9,0.3,3.3,123622,78.1,0.7,1.7,205288,74.5,0.4,3.2,127,194816,73.7,0.4,3.4,122,164009,74.6,0.4,3.1,238537,73.7,0.4,3.4,241687,76.6,0.7,4.3,21,199204,74,0.4,3.3,228
01/01/2019,Isle of Wight,E06000046,202931,75.2,,1.5,6,,192,319738,74.7,1.8,6.8,218314,74.1,1.6,6.5,167642,73.9,1.4,5.9,125166,79.1,1.2,4,208440,75.6,1.5,5.9,107,197798,74.8,1.5,6.1,85,166331,75.6,1.4,5.6,242414,74.9,1.6,6.3,244882,77.6,1.3,6,1,202282,75.1,1.5,6,191
01/02/2019,Isle of Wight,E06000046,202427,75,,-0.2,5,,199,318863,74.5,-0.3,5.8,217655,73.9,-0.3,5.4,167138,73.7,-0.3,4.7,125038,79,-0.1,3.5,207945,75.4,-0.2,5,104,197279,74.6,-0.3,5,95,165961,75.5,-0.2,4.7,241759,74.7,-0.3,5.2,249561,79.1,1.9,4.9,7,201562,74.9,-0.4,5,192
01/03/2019,Isle of Wight,E06000046,200979,74.5,,-0.7,4.8,,226,317307,74.1,-0.5,5.7,216316,73.4,-0.6,5.2,165974,73.1,-0.7,4.4,123479,78.1,-1.2,3,206435,74.9,-0.7,4.8,114,195890,74.1,-0.7,4.8,112,164589,74.8,-0.8,4.3,240237,74.2,-0.6,5.1,249277,79,-0.1,4.7,9,200058,74.3,-0.7,4.8,217
01/04/2019,Isle of Wight,E06000046,201834,74.8,,0.4,4.6,,206,318343,74.4,0.3,5.4,217448,73.8,0.5,5,167147,73.7,0.7,4.3,123721,78.2,0.2,3,207250,75.2,0.4,4.6,106,196795,74.4,0.5,4.6,99,165362,75.2,0.5,4.2,241172,74.5,0.4,4.9,251295,79.7,0.8,5,10,200874,74.6,0.4,4.6,196
01/05/2019,Isle of Wight,E06000046,200714,74.4,,-0.6,4.3,,189,316015,73.8,-0.7,4.7,216592,73.5,-0.4,4.8,166721,73.5,-0.3,4.3,122775,77.6,-0.8,2.9,206013,74.7,-0.6,4.2,95,195802,74.1,-0.5,4.3,94,164487,74.8,-0.5,4,239784,74.1,-0.6,4.5,247157,78.4,-1.6,5.5,11,199859,74.2,-0.5,4.2,178
01/06/2019,Isle of Wight,E06000046,202174,74.9,,0.7,3.9,,198,317990,74.3,0.6,4.3,218094,74,0.7,4.2,167964,74,0.7,4,123890,78.3,0.9,2.6,207530,75.3,0.7,3.8,87,197204,74.6,0.7,3.9,106,165694,75.3,0.7,3.7,241515,74.6,0.7,4,246770,78.2,-0.2,4.5,15,201394,74.8,0.8,3.8,183
01/07/2019,Isle of Wight,E06000046,199738,74,,-1.2,2.3,,250,313407,73.2,-1.4,2.3,215448,73.1,-1.2,2.7,166144,73.2,-1.1,2.7,122718,77.6,-0.9,1.5,204987,74.4,-1.2,2.3,122,194878,73.7,-1.2,2.4,123,163816,74.5,-1.1,2.3,238466,73.7,-1.3,2.4,244856,77.6,-0.8,3.9,4,198929,73.9,-1.2,2.2,246
01/08/2019,Isle of Wight,E06000046,203236,75.3,,1.8,2.9,,272,319511,74.6,1.9,3.1,219197,74.4,1.7,3.2,169012,74.5,1.7,3,124551,78.7,1.5,1.8,208565,75.7,1.7,2.8,136,198303,75,1.8,3,132,166474,75.7,1.6,2.7,242892,75,1.9,3,248286,78.7,1.4,3.5,9,202445,75.2,1.8,2.8,263
01/09/2019,Isle of Wight,E06000046,202478,75.1,,-0.4,2.1,,270,318187,74.3,-0.4,2.1,218212,74,-0.4,2.3,168821,74.4,-0.1,2.4,123990,78.4,-0.4,1.2,207748,75.4,-0.4,1.9,141,197609,74.7,-0.4,2.2,124,165865,75.4,-0.4,1.9,241971,74.8,-0.4,2.2,249528,79.1,0.5,3.8,10,201609,74.9,-0.4,2,260
01/10/2019,Isle of Wight,E06000046,205823,76.3,,1.7,3.7,,255,323684,75.6,1.7,3.9,222270,75.4,1.9,4.2,171337,75.5,1.5,4,125755,79.5,1.4,2.5,211148,76.6,1.6,3.6,127,200909,76,1.7,3.9,124,168473,76.6,1.6,3.4,246125,76,1.7,3.9,252384,80,1.1,4.4,4,204986,76.1,1.7,3.7,251
01/11/2019,Isle of Wight,E06000046,204679,75.9,,-0.6,2.8,,250,321884,75.2,-0.6,2.8,221341,75.1,-0.4,3.4,170051,74.9,-0.8,3.1,125061,79.1,-0.6,1.8,209968,76.2,-0.6,2.7,124,199801,75.6,-0.6,3,120,167603,76.2,-0.5,2.7,244679,75.6,-0.6,2.9,248636,78.8,-1.5,3.6,3,203937,75.7,-0.5,2.8,247
01/12/2019,Isle of Wight,E06000046,206120,76.4,,0.7,3.1,,234,324364,75.8,0.8,3.2,223101,75.7,0.8,3.8,171064,75.4,0.6,3.5,125794,79.5,0.6,1.8,211435,76.7,0.7,3,103,201221,76.1,0.7,3.3,124,168879,76.8,0.8,3,246288,76.1,0.7,3.2,246835,78.3,-0.7,2.1,8,205507,76.3,0.8,3.2,226
01/01/2020,Isle of Wight,E06000046,206404,76.5,,0.1,1.7,,202,324997,75.9,0.2,1.6,223474,75.8,0.2,2.4,171532,75.6,0.3,2.3,125657,79.4,-0.1,0.4,211674,76.8,0.1,1.6,105,201557,76.2,0.2,1.9,90,169103,76.9,0.1,1.7,246636,76.2,0.1,1.7,249406,79.1,1,1.8,7,205708,76.4,0.1,1.7,195
01/02/2020,Isle of Wight,E06000046,205820,76.3,,-0.3,1.7,,209,324297,75.8,-0.2,1.7,222909,75.6,-0.3,2.4,171298,75.5,-0.1,2.5,124948,79,-0.6,-0.1,211045,76.6,-0.3,1.5,99,201025,76,-0.3,1.9,102,168642,76.7,-0.3,1.6,245925,76,-0.3,1.7,250686,79.5,0.5,0.5,6,205040,76.2,-0.3,1.7,203
01/03/2020,Isle of Wight,E06000046,206634,76.6,,0.4,2.8,,243,325587,76.1,0.4,2.6,224115,76,0.5,3.6,172071,75.8,0.5,3.7,125146,79.1,0.2,1.4,211822,76.8,0.4,2.6,104,201889,76.4,0.4,3.1,130,169244,77,0.4,2.8,246971,76.3,0.4,2.8,255326,81,1.9,2.4,13,205708,76.4,0.3,2.8,230
01/04/2020,Isle of Wight,E06000046,206591,76.6,,0,2.4,,70,326004,76.1,0.1,2.4,224132,76.1,0,3.1,172450,76,0.2,3.2,124486,78.7,-0.5,0.6,211699,76.8,-0.1,2.1,33,201929,76.4,0,2.6,34,169217,76.9,0,2.3,246909,76.3,0,2.4,255871,81.1,0.2,1.8,2,205645,76.4,0,2.4,68
01/05/2020,Isle of Wight,E06000046,206516,76.5,,0,2.9,,105,325479,76,-0.2,3,224085,76,0,3.5,172342,76,-0.1,3.4,124696,78.8,0.2,1.6,211607,76.8,0,2.7,46,201872,76.4,0,3.1,55,169259,77,0,2.9,246686,76.2,-0.1,2.9,259445,82.3,1.4,5,1,205445,76.3,-0.1,2.8,104
01/06/2020,Isle of Wight,E06000046,207574,76.9,,0.5,2.7,,164,327180,76.4,0.5,2.9,225434,76.5,0.6,3.4,173369,76.4,0.6,3.2,125061,79.1,0.3,0.9,212641,77.1,0.5,2.5,75,202957,76.8,0.5,2.9,85,170099,77.3,0.5,2.7,247984,76.6,0.5,2.7,258124,81.8,-0.5,4.6,4,206589,76.7,0.6,2.6,160
01/07/2020,Isle of Wight,E06000046,208812,77.4,,0.6,4.5,,206,329013,76.9,0.6,5,226710,76.9,0.6,5.2,174035,76.7,0.4,4.7,126191,79.8,0.9,2.8,213989,77.6,0.6,4.4,83,204086,77.2,0.6,4.7,118,171009,77.8,0.5,4.4,249600,77.1,0.7,4.7,256958,81.5,-0.5,4.9,4,207913,77.2,0.6,4.5,202
01/08/2020,Isle of Wight,E06000046,210745,78.1,,0.9,3.7,,187,332679,77.7,1.1,4.1,229305,77.8,1.1,4.6,175909,77.5,1.1,4.1,126434,79.9,0.2,1.5,215871,78.3,0.9,3.5,80,206077,77.9,1,3.9,104,172249,78.3,0.7,3.5,252357,78,1.1,3.9,256936,81.5,0,3.5,3,209919,78,1,3.7,184
01/09/2020,Isle of Wight,E06000046,212876,78.9,,1,5.1,,233,336731,78.7,1.2,5.8,231677,78.6,1,6.2,177842,78.4,1.1,5.3,127149,80.4,0.6,2.5,218044,79.1,1,5,114,208171,78.7,1,5.3,118,173720,79,0.9,4.7,255263,78.9,1.2,5.5,260436,82.6,1.4,4.4,6,212010,78.7,1,5.2,227
01/10/2020,Isle of Wight,E06000046,217121,80.5,,2,5.5,,285,344934,80.6,2.4,6.6,236192,80.1,1.9,6.3,181461,80,2,5.9,128820,81.4,1.3,2.4,222435,80.7,2,5.3,148,212278,80.3,2,5.7,133,176900,80.4,1.8,5,260726,80.6,2.1,5.9,262737,83.3,0.9,4.1,5,216339,80.3,2,5.5,280
01/11/2020,Isle of Wight,E06000046,222349,82.4,,2.4,8.6,,322,353880,82.7,2.6,9.9,241160,81.8,2.1,9,185837,81.9,2.4,9.3,132057,83.5,2.5,5.6,227912,82.7,2.5,8.5,174,217264,82.2,2.3,8.7,142,181129,82.4,2.4,8.1,267044,82.5,2.4,9.1,265682,84.2,1.1,6.9,14,221668,82.3,2.5,8.7,308
01/12/2020,Isle of Wight,E06000046,226347,83.9,,1.8,9.8,,314,360453,84.2,1.9,11.1,245265,83.2,1.7,9.9,189349,83.4,1.9,10.7,134356,84.9,1.7,6.8,232021,84.2,1.8,9.7,168,221159,83.7,1.8,9.9,140,184387,83.8,1.8,9.2,271844,84,1.8,10.4,268004,85,0.9,8.6,8,225741,83.8,1.8,9.8,306
01/01/2021,Isle of Wight,E06000046,226751,84,,0.2,9.9,,236,359016,83.9,-0.4,10.5,245537,83.3,0.1,9.9,189756,83.6,0.2,10.6,135921,85.9,1.2,8.2,232448,84.3,0.2,9.8,123,221540,83.8,0.2,9.9,112,185086,84.2,0.4,9.5,271845,84,0,10.2,266603,84.5,-0.5,6.9,9,226210,84,0.2,10,227
01/02/2021,Isle of Wight,E06000046,226285,83.9,,-0.2,9.9,,313,356249,83.2,-0.8,9.9,244817,83.1,-0.3,9.8,189602,83.6,-0.1,10.7,136873,86.5,0.7,9.5,231986,84.2,-0.2,9.9,163,221071,83.6,-0.2,10,150,185178,84.2,0,9.8,270686,83.6,-0.4,10.1,266176,84.4,-0.2,6.2,6,225751,83.8,-0.2,10.1,307
01/03/2021,Isle of Wight,E06000046,228026,84.5,,0.8,10.4,,514,356661,83.3,0.1,9.5,246211,83.5,0.6,9.9,191249,84.3,0.9,11.1,139603,88.3,2,11.6,233843,84.8,0.8,10.4,266,222699,84.2,0.7,10.3,247,187087,85.1,1,10.5,272157,84.1,0.5,10.2,269579,85.5,1.3,5.6,15,227466,84.5,0.8,10.6,499
01/04/2021,Isle of Wight,E06000046,228566,84.7,,0.2,10.6,,292,357207,83.4,0.2,9.6,246569,83.7,0.1,10,192081,84.7,0.4,11.4,140004,88.5,0.3,12.5,234319,85,0.2,10.7,165,223288,84.5,0.3,10.6,126,187767,85.4,0.4,11,272517,84.2,0.1,10.4,273554,86.7,1.5,6.9,12,227935,84.7,0.2,10.8,280
01/05/2021,Isle of Wight,E06000046,229057,84.9,,0.2,10.9,,242,358032,83.6,0.2,10,247097,83.8,0.2,10.3,192628,84.9,0.3,11.8,140162,88.6,0.1,12.4,234767,85.2,0.2,10.9,121,223812,84.7,0.2,10.9,121,188227,85.6,0.2,11.2,273035,84.4,0.2,10.7,274686,87.1,0.4,5.9,6,228413,84.8,0.2,11.2,236
01/06/2021,Isle of Wight,E06000046,231608,85.8,,1.1,11.6,,504,361764,84.5,1,10.6,249534,84.7,1,10.7,195389,86.1,1.4,12.7,141648,89.5,1.1,13.3,237370,86.1,1.1,11.6,274,226313,85.6,1.1,11.5,229,190411,86.6,1.2,11.9,275970,85.3,1.1,11.3,273669,86.8,-0.4,6,5,231044,85.8,1.2,11.8,499
01/07/2021,Isle of Wight,E06000046,230194,85.3,,-0.6,10.2,,195,359068,83.9,-0.7,9.1,248535,84.3,-0.4,9.6,194211,85.6,-0.6,11.6,140713,89,-0.7,11.5,235914,85.6,-0.6,10.2,91,224937,85.1,-0.6,10.2,104,189425,86.1,-0.5,10.8,274075,84.7,-0.7,9.8,272834,86.5,-0.3,6.2,4,229616,85.3,-0.6,10.4,191
01/08/2021,Isle of Wight,E06000046,230492,85.4,,0.1,9.4,,225,360465,84.2,0.4,8.4,249412,84.6,0.4,8.8,194165,85.6,0,10.4,140093,88.6,-0.4,10.8,236152,85.7,0.1,9.4,121,225282,85.2,0.2,9.3,101,189366,86.1,0,9.9,274796,84.9,0.3,8.9,270461,85.8,-0.9,5.3,6,229972,85.4,0.2,9.6,219
01/09/2021,Isle of Wight,E06000046,232617,86.2,,0.9,9.3,,417,364282,85.1,1.1,8.2,252408,85.6,1.2,8.9,195626,86.2,0.8,10,140783,89,0.5,10.7,238205,86.4,0.9,9.2,211,227458,86,1,9.3,205,191035,86.9,0.9,10,277421,85.7,1,8.7,273309,86.7,1.1,4.9,7,232085,86.2,0.9,9.5,410
01/10/2021,Isle of Wight,E06000046,238161,88.3,,2.4,9.7,,170,376199,87.9,3.3,9.1,258006,87.5,2.2,9.2,199213,87.8,1.8,9.8,143132,90.5,1.7,11.1,243927,88.5,2.4,9.7,72,232843,88.1,2.4,9.7,95,194821,88.6,2,10.1,284956,88,2.7,9.3,273860,86.8,0.2,4.2,13,237742,88.3,2.4,9.9,157
01/11/2021,Isle of Wight,E06000046,246450,91.3,,3.5,10.8,,164,390204,91.1,3.7,10.3,266823,90.5,3.4,10.6,205841,90.7,3.3,10.8,147868,93.5,3.3,12,252486,91.6,3.5,10.8,82,240892,91.1,3.5,10.9,81,201416,91.6,3.4,11.2,295098,91.2,3.6,10.5,284679,90.3,4,7.2,5,245988,91.4,3.5,11,159
01/12/2021,Isle of Wight,E06000046,247522,91.7,,0.4,9.4,,254,394165,92.1,1,9.4,267766,90.9,0.4,9.2,206070,90.8,0.1,8.8,147677,93.4,-0.1,9.9,253675,92,0.5,9.3,125,241867,91.5,0.4,9.4,127,201821,91.8,0.2,9.5,296950,91.7,0.6,9.2,284044,90.1,-0.2,6,4,247100,91.8,0.5,9.5,250
01/01/2022,Isle of Wight,E06000046,252519,93.6,,2,11.4,,196,401082,93.7,1.8,11.7,273856,92.9,2.3,11.5,210814,92.9,2.3,11.1,150386,95.1,1.8,10.6,258634,93.8,2,11.3,109,246879,93.4,2.1,11.4,87,205996,93.7,2.1,11.3,302822,93.6,2,11.4,289532,91.8,1.9,8.6,3,252093,93.6,2,11.4,193
01/02/2022,Isle of Wight,E06000046,250785,93,,-0.7,10.8,,221,397693,92.9,-0.8,11.6,272095,92.3,-0.6,11.1,209509,92.3,-0.6,10.5,149644,94.6,-0.5,9.3,256753,93.1,-0.7,10.7,93,245259,92.8,-0.7,10.9,126,204867,93.2,-0.5,10.6,300474,92.8,-0.8,11,288587,91.5,-0.3,8.4,2,250361,93,-0.7,10.9,219
01/03/2022,Isle of Wight,E06000046,251611,93.3,,0.3,10.3,,262,398953,93.2,0.3,11.9,273668,92.9,0.6,11.2,210077,92.6,0.3,9.8,149766,94.7,0.1,7.3,257430,93.4,0.3,10.1,132,246200,93.1,0.4,10.6,129,205534,93.5,0.3,9.9,301477,93.1,0.3,10.8,293657,93.1,1.8,8.9,7,251115,93.3,0.3,10.4,255
01/04/2022,Isle of Wight,E06000046,253234,93.9,,0.6,10.8,,248,401250,93.7,0.6,12.3,275257,93.4,0.6,11.6,211950,93.4,0.9,10.3,150722,95.3,0.6,7.7,259063,94,0.6,10.6,125,247817,93.7,0.7,11,122,206930,94.1,0.7,10.2,303358,93.7,0.6,11.3,296679,94.1,1,8.5,4,252719,93.9,0.6,10.9,244
01/05/2022,Isle of Wight,E06000046,257509,95.4,,1.7,12.4,,235,408040,95.3,1.7,14,280341,95.1,1.8,13.5,215942,95.2,1.9,12.1,152617,96.5,1.3,8.9,263338,95.5,1.7,12.2,121,252101,95.4,1.7,12.6,112,210227,95.6,1.6,11.7,308656,95.4,1.7,13,299344,94.9,0.9,9,9,257017,95.5,1.7,12.5,226
01/06/2022,Isle of Wight,E06000046,262130,97.2,,1.8,13.2,,241,414224,96.8,1.5,14.5,285235,96.8,1.7,14.3,220585,97.2,2.2,12.9,155824,98.5,2.1,10,267981,97.2,1.8,12.9,112,256711,97.1,1.8,13.4,122,214302,97.4,1.9,12.5,313922,97,1.7,13.8,301597,95.6,0.8,10.2,10,261674,97.2,1.8,13.3,231
01/07/2022,Isle of Wight,E06000046,263542,97.7,,0.5,14.5,,245,415806,97.1,0.4,15.8,287518,97.6,0.8,15.7,222197,97.9,0.7,14.4,156303,98.8,0.3,11.1,269282,97.7,0.5,14.1,107,258240,97.7,0.6,14.8,137,215485,98,0.6,13.8,315586,97.5,0.5,15.1,302358,95.9,0.3,10.8,14,263095,97.7,0.5,14.6,231
01/08/2022,Isle of Wight,E06000046,264206,97.9,,0.3,14.6,,241,416888,97.4,0.3,15.7,288298,97.8,0.3,15.6,223258,98.4,0.5,15,156278,98.8,0,11.6,269914,97.9,0.2,14.3,127,258940,97.9,0.3,14.9,114,215876,98.2,0.2,14,316520,97.8,0.3,15.2,302561,95.9,0.1,11.9,6,263766,98,0.3,14.7,235
01/09/2022,Isle of Wight,E06000046,264165,97.9,,0,13.6,,260,417661,97.6,0.2,14.7,288705,98,0.1,14.4,223248,98.4,0,14.1,155223,98.1,-0.7,10.3,269851,97.9,0,13.3,120,258921,97.9,0,13.8,137,215454,98,-0.2,12.8,316823,97.9,0.1,14.2,302606,95.9,0,10.7,4,263723,97.9,0,13.6,256
01/10/2022,Isle of Wight,E06000046,268136,99.4,,1.5,12.6,,204,425027,99.3,1.8,13,292578,99.3,1.3,13.4,226212,99.7,1.3,13.6,157334,99.5,1.4,9.9,274014,99.4,1.5,12.3,85,262703,99.4,1.5,12.8,116,218558,99.4,1.4,12.2,321708,99.4,1.5,12.9,306354,97.1,1.2,11.9,5,267699,99.4,1.5,12.6,199
01/11/2022,Isle of Wight,E06000046,272432,101,,1.6,10.5,,225,432397,101,1.7,10.8,297147,100.8,1.6,11.4,229519,101.2,1.5,11.5,159730,101,1.5,8,278431,101,1.6,10.3,108,266885,100.9,1.6,10.8,115,222053,101,1.6,10.2,326870,101,1.6,10.8,313469,99.4,2.3,10.1,7,271958,101,1.6,10.6,218
01/12/2022,Isle of Wight,E06000046,273014,101.2,,0.2,10.3,,206,433092,101.2,0.2,9.9,297651,101,0.2,11.2,229912,101.3,0.2,11.6,160418,101.4,0.4,8.6,279002,101.2,0.2,10,95,267479,101.2,0.2,10.6,109,222705,101.3,0.3,10.3,327405,101.2,0.2,10.3,313883,99.5,0.1,10.5,9,272542,101.2,0.2,10.3,197
01/01/2023,Isle of Wight,E06000046,269789,100,,-1.2,6.8,,147,428109,100,-1.2,6.7,294698,100,-1,7.6,226909,100,-1.3,7.6,158190,100,-1.4,5.2,275645,100,-1.2,6.6,78,264382,100,-1.2,7.1,65,219929,100,-1.2,6.8,323670,100,-1.1,6.9,315380,100,0.5,8.9,1,269250,100,-1.2,6.8,146
01/02/2023,Isle of Wight,E06000046,265961,98.6,,-1.4,6.1,,163,422728,98.7,-1.3,6.3,290447,98.6,-1.4,6.7,223272,98.4,-1.6,6.6,155782,98.5,-1.5,4.1,271764,98.6,-1.4,5.8,91,260609,98.6,-1.4,6.3,68,216690,98.5,-1.5,5.8,319203,98.6,-1.4,6.2,314624,99.8,-0.2,9,2,265382,98.6,-1.4,6,161
01/03/2023,Isle of Wight,E06000046,260936,96.7,,-1.9,3.7,,169,416025,97.2,-1.6,4.3,285186,96.8,-1.8,4.2,218082,96.1,-2.3,3.8,152391,96.3,-2.2,1.8,266743,96.8,-1.8,3.6,99,255585,96.7,-1.9,3.8,66,212286,96.5,-2,3.3,313467,96.8,-1.8,4,316437,100.3,0.6,7.8,5,260268,96.7,-1.9,3.6,164
01/04/2023,Isle of Wight,E06000046,261671,97,,0.3,3.3,,115,417956,97.6,0.5,4.2,285728,97,0.2,3.8,218253,96.2,0.1,3,152874,96.6,0.3,1.4,267646,97.1,0.3,3.3,61,256167,96.9,0.2,3.4,52,212781,96.7,0.2,2.8,314484,97.2,0.3,3.7,320515,101.6,1.3,8,2,260967,96.9,0.3,3.3,113
01/05/2023,Isle of Wight,E06000046,263314,97.6,,0.6,2.3,,141,419396,98,0.3,2.8,287654,97.6,0.7,2.6,219739,96.8,0.7,1.8,154260,97.5,0.9,1.1,269399,97.7,0.7,2.3,91,257710,97.5,0.6,2.2,49,214318,97.4,0.7,1.9,316195,97.7,0.5,2.4,322618,102.3,0.7,7.8,,262604,97.5,0.6,2.2,141
01/06/2023,Isle of Wight,E06000046,264400,98,,0.4,0.9,,145,420313,98.2,0.2,1.5,288812,98,0.4,1.3,221444,97.6,0.8,0.4,154800,97.9,0.3,-0.7,270469,98.1,0.4,0.9,82,258809,97.9,0.4,0.8,58,215268,97.9,0.4,0.5,317412,98.1,0.4,1.1,320344,101.6,-0.7,6.2,2,263726,97.9,0.4,0.8,143
01/07/2023,Isle of Wight,E06000046,259251,96.1,,-1.9,-1.6,,161,411189,96,-2.2,-1.1,283721,96.3,-1.8,-1.3,217794,96,-1.6,-2,151540,95.8,-2.1,-3,265023,96.1,-2,-1.6,83,253931,96,-1.9,-1.7,75,211088,96,-1.9,-2,311216,96.2,-2,-1.4,313391,99.4,-2.2,3.6,3,258599,96,-1.9,-1.7,158
01/08/2023,Isle of Wight,E06000046,260174,96.4,,0.4,-1.5,,170,413152,96.5,0.5,-0.9,284993,96.7,0.4,-1.1,219124,96.6,0.6,-1.9,151352,95.7,-0.1,-3.2,265831,96.4,0.3,-1.5,87,254956,96.4,0.4,-1.5,82,211634,96.2,0.3,-2,312591,96.6,0.4,-1.2,314286,99.7,0.3,3.9,2,259521,96.4,0.4,-1.6,168
01/09/2023,Isle of Wight,E06000046,259882,96.3,,-0.1,-1.6,,173,412567,96.4,-0.1,-1.2,284924,96.7,0,-1.3,219180,96.6,0,-1.8,150921,95.4,-0.3,-2.8,265470,96.3,-0.1,-1.6,79,254729,96.3,-0.1,-1.6,92,211427,96.1,-0.1,-1.9,312203,96.5,-0.1,-1.5,314656,99.8,0.1,4,2,259223,96.3,-0.1,-1.7,171
01/10/2023,Isle of Wight,E06000046,262460,97.3,,1,-2.1,,163,415700,97.1,0.8,-2.2,287430,97.5,0.9,-1.8,221535,97.6,1.1,-2.1,152935,96.7,1.3,-2.8,268074,97.3,1,-2.2,83,257280,97.3,1,-2.1,68,213809,97.2,1.1,-2.2,314924,97.3,0.9,-2.1,317792,100.8,1,3.7,3,261793,97.2,1,-2.2,160
01/11/2023,Isle of Wight,E06000046,260151,96.4,,-0.9,-4.5,,192,412342,96.3,-0.8,-4.6,284975,96.7,-0.9,-4.1,218920,96.5,-1.2,-4.6,151821,96,-0.7,-5,265836,96.4,-0.8,-4.5,110,254909,96.4,-0.9,-4.5,72,211937,96.4,-0.9,-4.6,312143,96.4,-0.9,-4.5,317018,100.5,-0.2,1.1,,259468,96.4,-0.9,-4.6,192
01/12/2023,Isle of Wight,E06000046,260185,96.4,,0,-4.7,,145,412250,96.3,0,-4.8,284827,96.7,-0.1,-4.3,218575,96.3,-0.2,-4.9,152243,96.2,0.3,-5.1,265845,96.4,0,-4.7,76,254966,96.4,0,-4.7,60,212044,96.4,0.1,-4.8,312081,96.4,0,-4.7,317809,100.8,0.2,1.3,2,259494,96.4,0,-4.8,143
01/01/2024,Isle of Wight,E06000046,259394,96.1,,-0.3,-3.9,,148,411431,96.1,-0.2,-3.9,283864,96.3,-0.3,-3.7,217974,96.1,-0.3,-3.9,151582,95.8,-0.4,-4.2,265074,96.2,-0.3,-3.8,83,254156,96.1,-0.3,-3.9,57,211305,96.1,-0.3,-3.9,311253,96.2,-0.3,-3.8,318022,100.8,0.1,0.8,1,258692,96.1,-0.3,-3.9,147
01/02/2024,Isle of Wight,E06000046,254534,94.3,,-1.9,-4.3,,148,402198,93.9,-2.2,-4.9,278873,94.6,-1.8,-4,214735,94.6,-1.5,-3.8,148756,94,-1.9,-4.5,259830,94.3,-2,-4.4,81,249660,94.4,-1.8,-4.2,61,207706,94.4,-1.7,-4.1,304958,94.2,-2,-4.5,312698,99.1,-1.7,-0.6,1,253838,94.3,-1.9,-4.3,147
01/03/2024,Isle of Wight,E06000046,250024,92.7,,-1.8,-4.2,,180,394351,92.1,-2,-5.2,274011,93,-1.7,-3.9,211029,93,-1.7,-3.2,146452,92.6,-1.5,-3.9,255259,92.6,-1.8,-4.3,83,245202,92.7,-1.8,-4.1,86,204034,92.8,-1.8,-3.9,299545,92.5,-1.8,-4.4,310275,98.4,-0.8,-1.9,2,249307,92.6,-1.8,-4.2,178
01/04/2024,Isle of Wight,E06000046,244663,90.7,,-2.1,-6.5,,121,384409,89.8,-2.5,-8,268462,91.1,-2,-6,206819,91.1,-2,-5.2,143708,90.8,-1.9,-6,249635,90.6,-2.2,-6.7,64,240099,90.8,-2.1,-6.3,51,199904,90.9,-2,-6.1,292809,90.5,-2.2,-6.9,302661,96,-2.5,-5.6,,243975,90.6,-2.1,-6.5,121
01/05/2024,Isle of Wight,E06000046,246532,91.4,,0.8,-6.4,,179,386964,90.4,0.7,-7.7,270549,91.8,0.8,-5.9,208407,91.8,0.8,-5.2,144993,91.7,0.9,-6,251569,91.3,0.8,-6.6,86,241906,91.5,0.8,-6.1,82,201383,91.6,0.7,-6,295108,91.2,0.8,-6.7,304502,96.6,0.6,-5.6,1,245846,91.3,0.8,-6.4,178
01/06/2024,Isle of Wight,E06000046,248293,92,,0.7,-6.1,,129,389273,90.9,0.6,-7.4,272558,92.5,0.7,-5.6,210796,92.9,1.1,-4.8,145588,92,0.4,-6,253197,91.9,0.6,-6.4,62,243804,92.2,0.8,-5.8,59,203035,92.3,0.8,-5.7,296941,91.7,0.6,-6.4,304071,96.4,-0.1,-5.1,,247639,92,0.7,-6.1,129
01/07/2024,Isle of Wight,E06000046,250232,92.8,,0.8,-3.5,,157,392600,91.7,0.9,-4.5,275120,93.4,0.9,-3,212938,93.8,1,-2.2,145916,92.2,0.2,-3.7,255086,92.5,0.7,-3.7,74,245798,93,0.8,-3.2,72,204580,93,0.8,-3.1,299313,92.5,0.8,-3.8,307824,97.6,1.2,-1.8,,249554,92.7,0.8,-3.5,157
01/08/2024,Isle of Wight,E06000046,250112,92.7,,0,-3.9,,158,392680,91.7,0,-5,274923,93.3,-0.1,-3.5,213455,94.1,0.2,-2.6,145301,91.9,-0.4,-4,254912,92.5,-0.1,-4.1,60,245733,92.9,0,-3.6,72,204409,92.9,-0.1,-3.4,299261,92.5,0,-4.3,306501,97.2,-0.4,-2.5,2,249451,92.6,0,-3.9,156
01/09/2024,Isle of Wight,E06000046,251716,93.3,,0.6,-3.1,,139,396513,92.6,1,-3.9,277246,94.1,0.8,-2.7,214398,94.5,0.4,-2.2,145413,91.9,0.1,-3.6,256591,93.1,0.7,-3.3,62,247264,93.5,0.6,-2.9,45,205445,93.4,0.5,-2.8,301532,93.2,0.8,-3.4,312640,99.1,2,-0.6,1,250990,93.2,0.6,-3.2,138
01/10/2024,Isle of Wight,E06000046,253264,93.9,,0.6,-3.5,,155,399356,93.3,0.7,-3.9,278229,94.4,0.4,-3.2,215574,95,0.5,-2.7,146671,92.7,0.9,-4.1,258295,93.7,0.7,-3.6,62,248656,94.1,0.6,-3.4,55,206701,94,0.6,-3.3,303397,93.7,0.6,-3.7,317669,100.7,1.6,0,,252491,93.8,0.6,-3.6,155
01/11/2024,Isle of Wight,E06000046,252088,93.4,,-0.5,-3.1,,128,397836,92.9,-0.4,-3.5,277460,94.2,-0.3,-2.6,214279,94.4,-0.6,-2.1,145657,92.1,-0.7,-4.1,257032,93.2,-0.5,-3.3,36,247567,93.6,-0.4,-2.9,31,205996,93.7,-0.3,-2.8,301664,93.2,-0.6,-3.4,330909,104.9,4.2,4.4,,251120,93.3,-0.5,-3.2,128
01/12/2024,Isle of Wight,E06000046,255315,94.6,,1.3,-1.9,,115,402517,94,1.2,-2.4,281145,95.4,1.3,-1.3,217163,95.7,1.3,-0.6,147562,93.3,1.3,-3.1,260189,94.4,1.2,-2.1,19,250873,94.9,1.3,-1.6,26,208946,95,1.4,-1.5,305125,94.3,1.1,-2.2,356291,113,7.7,12.1,1,254063,94.4,1.2,-2.1,114
01/01/2025,Isle of Wight,E06000046,254676,94.4,,-0.3,-1.8,,,401888,93.9,-0.2,-2.3,281246,95.4,0,-0.9,216664,95.5,-0.2,-0.6,146402,92.5,-0.8,-3.4,259396,94.1,-0.3,-2.1,,250389,94.7,-0.2,-1.5,,208543,94.8,-0.2,-1.3,304207,94,-0.3,-2.3,,,,,,,,,,
01/02/2025,Isle of Wight,E06000046,258403,95.8,,1.5,1.5,,,407116,95.1,1.3,1.2,285170,96.8,1.4,2.3,220022,97,1.5,2.5,148913,94.1,1.7,0.1,263192,95.5,1.5,1.3,,254056,96.1,1.5,1.8,,211690,96.3,1.5,1.9,308500,95.3,1.4,1.2,,,,,,,,,,
